序号,code,name,eps,revenue,rev_yoy,营业总收入-季度环比增长,profit,profit_yoy,净利润-季度环比增长,bps,roe,ocf_ps,gross_margin,industry,ann_date,rev_yi,profit_yi,cash_ratio,小基数
1625,601628,中国人寿,4.76,434307000000.0,81.5399084582,265.5401,134489000000.0,228.6,489.5104,23.499133203609,21.07,10.0081018928,,保险Ⅱ,2026-08-28,4343.07,1344.89,2.1025424144537816,False
331,688825,长鑫科技,1.2893,150310076758.0,873.6417332025,95.8851,77605227520.0,3427.7569143657,113.4041,2.238170510872,81.06,2.178926243106,84.7418874692,半导体,2026-08-29,1503.1,776.052,1.690007169088653,True
11410,300750,宁德时代,9.51,276916580000.0,54.8003691485,14.4462,43284002000.0,41.98,8.7212,81.993154443679,12.08,13.015213596184,23.9283938867,电池,2026-07-25,2769.17,432.84,1.3685818713127234,False
10853,601138,工业富联,1.2,557860645000.0,54.634987688,22.1861,23740458000.0,95.99,24.0753,8.85670339565,13.36,0.372476755298,7.1506831245,消费电子,2026-08-12,5578.61,237.405,0.31039729608166666,False
8586,600030,中信证券,1.53,49691932907.1,50.0035284024,14.6048,23343231403.68,69.6,28.4939,19.936802095791,7.81,7.126579745139,,证券Ⅱ,2026-08-21,496.92,233.432,4.657895258260784,False
9350,603993,洛阳钼业,0.76,135319885598.22,42.7839090612,3.7852,16152187485.37,86.27,8.1453,4.191346387888,18.29,0.763459564765,23.0090744347,工业金属,2026-08-20,1353.2,161.522,1.0045520589013157,False
7823,300308,中际旭创,12.31,41777861795.03,182.4913813287,14.285,13651149693.27,241.7,38.0529,35.740605779103,37.62,1.613718553798,46.2521843492,通信设备,2026-08-22,417.78,136.511,0.13109005311112917,False
522,601688,华泰证券,1.25,23657992725.6,45.8621225486,27.0064,11691538976.32,54.87,43.5485,19.812506382237,6.3,8.733072702531,,证券Ⅱ,2026-08-29,236.58,116.915,6.9864581620248005,False
1058,000776,广发证券,1.43,26882915365.65,74.59,30.1229,11651737395.81,80.1,47.5171,17.654987323146,8.08,3.841959216773,,证券Ⅱ,2026-08-29,268.83,116.517,2.686684766974126,False
4989,600999,招商证券,1.19,21901578682.9,108.1873700207,114.0818,10624328413.44,104.87,124.8469,14.463841227679,8.22,7.32909147019,,证券Ⅱ,2026-08-26,219.02,106.243,6.158900395117647,False
10945,301308,江波龙,25.2,24088363284.95,136.2610583659,43.1025,10576875808.95,71528.66,73.8537,43.924176013626,79.03,-7.449114578338,58.9022844185,半导体,2026-08-11,240.88,105.769,-0.2955997848546826,True
505,601995,中金公司,1.62,19302467972.0,50.4712970942,18.7189,8199268268.0,89.35,29.1934,21.598177619083,7.6,13.184060553912,,证券Ⅱ,2026-08-29,193.02,81.993,8.138308983896296,False
7845,300059,东方财富,0.5102,10505339283.68,53.22,8.811,8064281453.11,44.85,15.7506,6.219501510299,8.46,1.91590225336,74.3927594104,证券Ⅱ,2026-08-22,105.05,80.643,3.7551984581732656,False
9719,601066,中信建投,0.92,16228807704.41,51.1077143242,10.8851,7639129546.85,69.44,8.2979,11.28992529276,8.27,7.842420803745,,证券Ⅱ,2026-08-19,162.29,76.391,8.52437043885326,False
6806,300502,新易盛,5.41,20909746962.2,100.3392340098,50.7795,7529168039.39,90.98,70.8117,17.426323180302,34.86,1.15933353069,48.4397325072,通信设备,2026-08-25,209.1,75.292,0.21429455280776338,False
6369,688525,佰维存储,15.28,15574943371.35,298.0982138029,28.5642,7165580281.51,3273.4822888579,47.1764,26.932081103228,78.69,-13.277384824639,54.8116105058,半导体,2026-08-25,155.75,71.656,-0.8689387974240184,True
211,601872,招商轮船,0.86,19651214045.35,56.1524780529,29.6772,6959500459.03,227.57,51.8443,5.800660488392,15.61,1.006940531526,44.9779229906,航运港口,2026-08-31,196.51,69.595,1.1708610831697674,False
9708,603986,兆易创新,9.83,11565760432.15,178.6722977786,76.1593,6856786413.68,1091.5,269.2417,53.129211296108,23.13,8.618944799796,63.1304509177,半导体,2026-08-19,115.66,68.568,0.876800081362767,True
5500,000792,盐湖股份,1.1657,13052166200.79,79.8792665747,2.9269,6168537120.45,137.88,3.8061,9.024047558595,13.34,1.187208691905,71.3850667913,农化制品,2026-08-26,130.52,61.685,1.0184513098610277,False
2133,001309,德明利,26.76,16910558920.73,311.5455913213,24.3268,6017114995.48,5201.6,-20.1799,43.103320797086,95.11,-29.692284424241,47.1244497902,半导体,2026-08-28,169.11,60.171,-1.109577145898393,True
6381,688331,荣昌生物,8.32,5853293736.77,433.1094682648,691.9788,4662283356.3,1137.0570147088,1221.3971,14.728798502455,78.38,7.464997392075,95.7129613996,生物制品,2026-08-25,58.53,46.623,0.8972352634705529,True
968,002460,赣锋锂业,2.04,23096945425.05,175.7483215518,51.1586,4257164842.1,901.36,31.7108,22.987955183115,9.09,0.63349527922,31.5088634155,能源金属,2026-08-29,230.97,42.572,0.3105369015784314,False
2072,002466,天齐锂业,2.51,12242243203.99,153.3219939466,38.7311,4242020000.77,4925.46,26.1171,28.203674636205,9.24,1.291176455321,64.3882879099,能源金属,2026-08-28,122.42,42.42,0.5144129304067729,True
1938,300475,香农芯创,7.82,60204416155.57,251.5961898232,53.3369,3641509573.03,2207.2,74.3308,15.204558556385,68.13,12.206199305758,11.6079405586,其他电子Ⅱ,2026-08-28,602.04,36.415,1.5608950518872122,True
6471,603268,松发股份,3.72,23504457854.74,251.874251691,64.4416,3608650181.02,457.67,130.0203,13.453155403237,32.06,8.765251921756,23.6588177372,航海装备Ⅱ,2026-08-25,235.04,36.087,2.3562505166010754,False
9471,300014,亿纬锂能,1.57,45691465298.91,62.2015350628,20.9466,3301230562.92,105.66,28.2529,23.083164040306,7.24,-0.178494119176,14.3107269459,电池,2026-08-20,456.91,33.012,-0.11369052176815286,False
10397,600183,生益科技,1.36,19025611766.13,50.0454791459,33.6881,3286977278.33,130.42,83.8154,7.616649944865,18.17,1.228101686219,30.6922750301,元件,2026-08-15,190.26,32.87,0.9030159457492646,False
5501,000783,长江证券,0.56,7426077648.44,58.6,20.5386,3192493416.16,83.8,14.7999,6.673298864165,8.39,5.155528456767,,证券Ⅱ,2026-08-26,74.26,31.925,9.206300815655355,False
2179,000630,铜陵有色,0.22,121770119524.73,59.9535182188,-11.7907,2992592611.05,107.93,23.5857,2.83844431421,7.93,0.004056087011,9.2840039246,工业金属,2026-08-28,1217.7,29.926,0.01843675914090909,False
7890,002384,东山精密,1.62,27797683972.88,63.9481879305,11.5882,2956898811.04,290.09,66.413,13.303496414908,12.88,1.301527338391,20.1513507952,元件,2026-08-22,277.98,29.569,0.803411937278395,False
7693,601869,长飞光纤,3.56,9808962180.0,53.637732146,65.4399,2924540887.0,888.88,390.6592,19.765986121926,19.22,2.205710646491,53.3612070059,通信设备,2026-08-22,98.09,29.245,0.6195816422727528,False
5426,002463,沪电股份,1.5191,13689427504.0,61.1682833526,20.2942,2923361746.0,73.72,35.3599,9.348128834869,17.38,0.597956762782,38.7155693432,元件,2026-08-26,136.89,29.234,0.39362567492725964,False
9452,301358,湖南裕能,3.62,34877330172.01,142.915947481,33.0524,2909817706.47,853.51,14.5792,24.034836368716,17.39,-2.079666752094,14.8604117606,电池,2026-08-20,348.77,29.098,-0.5744935779265193,False
8712,002709,天赐材料,1.41,14709500811.92,109.2767908568,20.4174,2860942286.52,967.91,-27.0712,9.949974480802,15.0,0.194859968392,33.5497255866,电池,2026-08-21,147.1,28.609,0.13819855914326243,False
2822,605117,德业股份,2.14,10641096664.31,92.2349063882,38.6197,2717499513.52,78.53,28.7661,9.020957548721,24.31,3.294748721488,37.6464869312,光伏设备,2026-08-27,106.41,27.175,1.5396022063028036,False
11040,688256,寒武纪,3.68,5995573619.61,108.1331369113,7.8407,2310912080.33,122.61,28.0775,21.574993789911,18.05,0.495492800048,55.2505731603,半导体,2026-08-08,59.96,23.109,0.13464478262173912,False
10204,300390,天华新能,2.76,7780065437.36,125.0015560468,43.1156,2292289086.36,2622.89,36.5852,16.519305096007,18.34,0.214730902464,43.4926349114,电池,2026-08-18,77.8,22.923,0.07780105161739131,True
1084,000426,兴业银锡,1.2745,4281697008.56,73.1308206683,1.031,2263056168.41,184.42,-30.8213,6.498532582898,21.32,1.18986484367,68.7527609771,贵金属,2026-08-29,42.82,22.631,0.933593443444488,False
3313,002916,深南电路,3.32,15296361440.43,46.3282888807,31.9181,2251458836.99,65.55,64.8056,26.469542556032,12.43,2.204829037689,31.0149106719,元件,2026-08-27,152.96,22.515,0.6641051318340362,False
8571,600549,厦门钨业,1.3862,35014480428.15,81.6985110158,22.4106,2200748489.7,127.04,-1.164,11.773995846987,12.15,-1.551198378021,21.8280630899,小金属,2026-08-21,350.14,22.007,-1.1190292728473523,False
3351,002558,巨人网络,1.13,4688729195.66,182.0797292305,1.3614,2144304578.07,175.96,-1.5268,8.852534983323,13.22,1.090104302676,95.7899932646,游戏Ⅱ,2026-08-27,46.89,21.443,0.9646940731646019,False
6520,600909,华安证券,0.43,4006745933.45,65.2782271599,212.1281,2096652466.67,102.55,283.8265,5.436840466248,8.08,1.039544097725,,证券Ⅱ,2026-08-25,40.07,20.967,2.417544413313953,False
7584,000657,中钨高新,0.9112,16384925470.67,108.5138971279,33.8421,2076226297.96,280.53,25.4096,4.950337982052,19.29,-0.55085668715,30.3812154395,小金属,2026-08-24,163.85,20.762,-0.604539823474539,False
1948,300408,三环集团,1.01,6423331756.2,54.824030357,39.5878,1932118240.71,56.18,44.2938,11.815521176528,8.61,0.676922188645,44.3196613034,元件,2026-08-28,64.23,19.321,0.6702199887574257,False
545,601108,财通证券,0.41,4347274840.85,46.8976206673,63.2569,1899804918.0,75.38,107.8702,8.391719884201,4.91,-0.654059364689,,证券Ⅱ,2026-08-29,43.47,18.998,-1.5952667431439025,False
1888,300857,协创数据,3.8,12522564910.65,153.2889305482,5.8107,1838423990.17,325.51,45.0067,12.38679293757,34.31,3.729134221313,25.1496776886,消费电子,2026-08-28,125.23,18.384,0.9813511108718421,False
10604,688041,海光信息,0.78,9099020774.81,66.5195709856,25.5811,1798467918.03,49.69,61.7498,10.916346727968,7.56,-0.183940969266,55.2090490096,半导体,2026-08-14,90.99,17.985,-0.2358217554692308,False
7701,600918,中泰证券,0.21,7537087097.57,46.2977120194,42.6139,1752497271.3,146.38,173.675,5.682729611679,3.73,0.687744344871,,证券Ⅱ,2026-08-22,75.37,17.525,3.2749730708142857,False
4961,601878,浙商证券,0.36,5702941183.09,49.3294864637,41.7499,1610963188.53,40.21,14.4642,8.209755701521,4.31,3.419205711111,,证券Ⅱ,2026-08-26,57.03,16.11,9.497793641975,False
9522,000960,锡业股份,0.8991,31572707886.24,49.6824241355,3.0156,1503643577.31,41.6,-26.6875,13.046793505284,7.32,1.32494788563,11.2353292662,小金属,2026-08-20,315.73,15.036,1.4736379553219887,False
3356,002517,恺英网络,0.67,4796585311.53,86.0574405848,15.943,1428324820.73,50.34,-17.0147,4.909969491396,13.74,0.684620304098,76.8728249884,游戏Ⅱ,2026-08-27,47.97,14.283,1.0218213494,False
3452,000737,北方铜业,0.733,21693268701.58,69.3345237831,15.9878,1396024848.9,186.61,27.0066,4.149345941119,18.66,0.564360628542,12.7229193656,工业金属,2026-08-27,216.93,13.96,0.7699326446684857,False
6977,002074,国轩高科,0.76,27775546292.11,43.2206432636,37.2338,1386048497.18,278.05,6371.0674,16.606946690868,4.68,0.235852046221,15.6032862472,电池,2026-08-25,277.76,13.86,0.3103316397644737,False
5431,002414,高德红外,0.3164,4215505171.94,117.935374307,138.3385,1351196450.09,646.81,169.2787,1.965989699889,17.51,-0.015806113296,52.0900251426,军工电子Ⅱ,2026-08-26,42.16,13.512,-0.04995611029077117,False
2160,000893,亚钾国际,1.4779,3821523343.93,51.5332946236,56.8519,1350087083.75,57.93,53.5337,15.812318255114,9.63,2.004463802025,59.9159991778,农化制品,2026-08-28,38.22,13.501,1.3562919020400568,False
2183,000567,海德股份,0.6889,1863881742.4,452.3419346889,140.9552,1346502062.73,815.77,120.7752,3.555597480713,21.45,-0.008414199749,90.1918816188,多元金融,2026-08-28,18.64,13.465,-0.012213963926549573,False
8511,688072,拓荆科技,4.77,2912864261.46,49.060715147,61.8466,1342753980.93,1324.1,35.3222,43.7448191281,18.11,0.397208768798,41.0042896167,半导体,2026-08-21,29.13,13.428,0.0832722785740042,True
6665,301666,大普微,3.28,4722243608.44,531.1701845514,160.554,1333978842.92,477.08,160.6399,8.358912535513,77.43,-1.996417472123,34.9035465253,计算机设备,2026-08-25,47.22,13.34,-0.6086638634521342,False
6744,300919,中伟新材,1.23,33584326322.62,57.5061651121,13.2335,1302895789.76,77.8,34.6259,22.48688703211,5.44,1.527611184937,13.3199195157,电池,2026-08-25,335.84,13.029,1.2419603129569106,False
8761,002008,大族激光,1.25,13412802390.25,76.1864078,61.2091,1287969666.61,163.84,163.7639,20.84431169109,6.28,-0.663247488969,34.9445902574,自动化设备,2026-08-21,134.13,12.88,-0.5305979911752,False
10196,300765,石药创新,0.9056,3240242226.11,208.7245508115,287.5134,1261185991.32,46025.71,1543.7637,2.802644475103,38.2,1.976474281577,76.7440146191,化学制药,2026-08-18,32.4,12.612,2.1825025194092316,True
10108,688002,睿创微纳,2.72,4396621717.39,72.8372056798,26.0639,1259361594.5,258.78,63.0563,16.857268336089,17.01,3.053877447041,57.7585549231,军工电子Ⅱ,2026-08-18,43.97,12.594,1.1227490614121323,False
5423,002497,雅化集团,1.0634,6708819668.64,96.0196275236,37.0425,1215825634.91,795.48,158.8398,10.559598446538,10.73,-0.358466823283,31.696957063,化学制品,2026-08-26,67.09,12.158,-0.33709500026612754,False
730,300972,万辰集团,6.3021,34836220113.79,54.2615886258,9.4226,1209923284.45,156.58,-7.8809,13.661706262464,57.52,9.176067810521,12.8454388593,休闲食品,2026-08-29,348.36,12.099,1.4560333556308214,False
853,300223,君正股份,2.4808,3957263444.21,75.9477862057,53.7086,1197563640.28,489.59,175.4361,28.121508960531,9.18,1.982684046931,51.7494396317,半导体,2026-08-29,39.57,11.976,0.7992115635806999,False
10358,688183,生益电子,1.35,5783539107.99,53.4617074251,39.9243,1110707603.86,109.36,49.7554,7.774918795891,17.95,1.095336333284,34.3088361251,元件,2026-08-15,57.84,11.107,0.811360246877037,False
10612,603444,吉比特,15.15,3726842297.78,48.01380786,1.7397,1091536495.39,69.31,10.9068,84.072652433643,18.57,17.668642565999,93.7077935337,游戏Ⅱ,2026-08-14,37.27,10.915,1.16624703405934,False
9464,300418,昆仑万维,0.87,5359200218.63,43.5498435095,8.5455,1088006458.02,227.17,322.6631,11.517927746302,7.92,-0.363564008277,65.5753851484,数字媒体,2026-08-20,53.59,10.88,-0.41788966468620686,False
3433,001232,嘉立创,2.06,7172851108.95,54.1252523113,36.806,1030348906.94,73.54,73.6716,16.4707325298,13.37,2.53020248774,28.4073364889,元件,2026-08-27,71.73,10.303,1.2282536348252426,False
10113,603588,高能环境,0.679,10319078742.89,54.0155208839,6.7,1021792581.72,103.37,-30.4738,6.843937549799,10.139,-0.398365885555,20.809941729,环境治理,2026-08-18,103.19,10.218,-0.5866949713622975,False
6958,002240,盛新锂能,1.11,7358408539.74,355.9381524483,24.0652,1011791867.33,220.3,18.0418,12.325385056167,9.38,-0.274163600049,31.7537582495,能源金属,2026-08-25,73.58,10.118,-0.24699423427837833,False
10235,002192,融捷股份,3.8574,1524205167.81,402.3507799318,205.1657,1001599511.84,1076.14,160.3236,17.513379768939,24.58,1.702953500223,76.3610647268,能源金属,2026-08-18,15.24,10.016,0.4414770312186965,True
8806,000042,中洲控股,1.4872,4501009816.3,168.3505063497,1076.9993,988704532.47,421.76,1692.9021,4.995674922772,34.97,0.59761730813,67.9295321458,房地产开发,2026-08-21,45.01,9.887,0.4018405783552985,False
8687,300037,新宙邦,1.31,7462553989.37,75.661099978,22.0225,983809390.12,103.33,4.7501,14.856697785664,8.82,1.494568347515,23.914176868,电池,2026-08-21,74.63,9.838,1.140891868332061,False
5417,002545,东方铁塔,0.7846,3050680328.78,42.0267778035,15.0956,976039815.97,97.84,42.8779,8.332709929726,9.52,0.920886302263,47.4758309154,农化制品,2026-08-26,30.51,9.76,1.1737016342888096,False
3443,000951,中国重汽,0.83,38410428905.06,46.8200495625,-4.6224,972705206.86,45.48,13.9379,14.158732595373,5.88,1.516980821819,6.8903405776,商用车,2026-08-27,384.1,9.727,1.8276877371313254,False
1919,300604,长川科技,1.52,3460789827.42,59.7153807171,51.0601,963672460.69,125.67,73.351,8.896662754363,18.52,0.526029933133,55.482024293,半导体,2026-08-28,34.61,9.637,0.3460723244296052,False
8638,301200,大族数控,2.06,4984920813.21,109.2892528466,54.9632,956862424.74,263.45,96.3176,24.636008522348,9.73,-2.19816735351,35.1450283133,专用设备,2026-08-21,49.85,9.569,-1.067071530830097,False
11067,001389,广合科技,2.14,4388260234.74,80.9775863738,29.275,955588247.43,94.39,43.4288,16.778133783404,16.05,1.982552566805,39.2728845228,元件,2026-08-08,43.88,9.556,0.9264264330864485,False
7847,300033,同花顺,1.27,2645653616.14,48.6819017812,51.1312,952305441.14,89.76,172.0838,10.19382504629,10.54,2.948804585805,88.9710269795,软件开发,2026-08-22,26.46,9.523,2.321893374649606,False
2148,000973,佛塑科技,0.4096,3877253411.39,259.6122333227,90.6068,905133771.24,1608.12,-37.3504,3.855410599277,11.19,0.090929146168,32.5490338063,塑料,2026-08-28,38.77,9.051,0.22199498576171875,True
608,600392,盛和资源,0.5058,8759018921.89,41.7648611587,58.9503,886615573.86,135.24,70.8556,7.449800570099,6.8,-0.363804882385,12.6425008214,小金属,2026-08-29,87.59,8.866,-0.7192662759687622,False
8636,301219,腾远钴业,2.3,6088654714.67,72.3639847635,37.9702,881004221.95,87.82,-34.0966,25.920379426949,8.99,-0.534202855311,25.818614191,能源金属,2026-08-21,60.89,8.81,-0.2322621110047826,False
3124,301536,星宸科技,2.05,2657812730.55,89.4320468794,67.4427,862919114.88,619.5,191.854,9.203976446054,25.35,0.878385572779,55.3621598071,半导体,2026-08-27,26.58,8.629,0.4284807672092683,False
10111,603893,瑞芯微,2.04,2876528206.23,40.6035594528,38.6262,859028900.86,61.73,60.9486,11.639553676018,18.34,1.892354771166,45.7909824874,半导体,2026-08-18,28.77,8.59,0.9276248878264706,False
3340,002653,海思科,0.7601,3095595953.82,54.7144719025,-2.0701,851228456.58,426.98,-46.5177,4.300191499901,18.3,0.679176502008,80.2428883555,化学制药,2026-08-27,30.96,8.512,0.8935357216261017,False
9697,688766,普冉股份,5.58,3959291997.88,336.6701829247,73.6624,826745893.31,1929.65,129.2339,22.478140532997,28.73,6.351654252135,51.1492760833,半导体,2026-08-19,39.59,8.267,1.1382892924973118,True
6887,002812,恩捷股份,0.8352,8671187982.67,50.4661972629,21.9006,820321427.54,980.99,115.134,26.524770613799,3.15,1.182715148707,29.893036091,电池,2026-08-25,86.71,8.203,1.416086145482519,False
1944,300438,鹏辉能源,1.622,10978445693.16,155.2717088771,30.2287,816440418.25,1025.39,52.4017,12.479808784087,14.17,0.336550496107,19.5858444315,电池,2026-08-28,109.78,8.164,0.2074910580191122,True
8560,600906,财达证券,0.24,2074130186.97,67.9216834493,82.378,766194871.25,104.59,102.3804,3.931791273045,6.06,0.264978193772,,证券Ⅱ,2026-08-21,20.74,7.662,1.1040758073833334,False
2050,002636,金安国纪,1.05,3398506484.53,65.7430637284,69.7718,765886985.22,986.66,179.452,5.889161362349,19.39,0.493405911374,33.1371312595,元件,2026-08-28,33.99,7.659,0.46991039178476185,False
7028,000155,川能动力,0.38,3340365493.96,124.7807166938,73.5989,706033602.6,130.73,64.6383,6.058669662401,6.52,0.2515017819,53.5602894858,电力,2026-08-25,33.4,7.06,0.6618467944736842,False
6941,002378,章源钨业,0.57,5847130133.16,143.711059147,22.2754,687622931.05,497.38,-19.6696,2.400643061977,25.61,-0.170409757834,25.1734560831,小金属,2026-08-25,58.47,6.876,-0.2989644874280702,False
9450,301377,鼎泰高科,1.66,1942851207.14,114.8532705135,38.6454,679131331.85,325.12,60.6279,7.591405318093,23.27,-0.110535461848,55.9236303489,通用设备,2026-08-20,19.43,6.791,-0.06658762761927711,False
8743,002237,恒邦股份,0.47,62178071135.31,44.4308342036,-10.8296,672473516.31,112.6,168.6627,9.604337066232,4.96,-1.423594411039,2.5965178073,贵金属,2026-08-21,621.78,6.725,-3.0289242788063833,False
7577,000833,粤桂股份,0.8263,2342706476.62,72.365613943,39.7501,662784006.79,182.76,107.3015,5.559418309323,15.79,-0.040748478391,43.5404554126,综合Ⅱ,2026-08-24,23.43,6.628,-0.049314387499697444,False
7634,688110,东芯股份,1.5,1496960025.64,336.4421035888,112.3067,659258684.09,694.0953379562,276.7408,9.395847712389,17.36,1.294119313005,67.6610727409,半导体,2026-08-22,14.97,6.593,0.86274620867,False
9449,301500,飞南资源,1.1583,9980677960.82,52.543704291,19.5829,648670469.17,307.31,-39.9979,9.620982646288,12.78,-1.156676815991,12.1902323627,环境治理,2026-08-20,99.81,6.487,-0.9985986497375462,False
11255,688266,泽璟制药,2.42,1205379571.43,220.8781295535,-66.8665,640011104.13,979.0933971189,-98.8305,6.499558778209,45.7,3.054359312938,94.6415800084,化学制药,2026-08-01,12.05,6.4,1.2621319474950412,False
132,688802,沐曦股份,1.53,1323593726.74,44.6659638137,35.5499,612449523.3,429.4629301253,819.622,34.668198344539,4.53,-3.241341705349,57.2152440602,半导体,2026-08-31,13.24,6.124,-2.118523990424183,False
366,688498,源杰科技,4.89,925150462.56,351.4010703617,60.4015,607072892.98,1212.2,138.3115,25.234389075946,22.1,3.917049146044,80.4246767203,半导体,2026-08-29,9.25,6.071,0.801032545203272,True
382,688275,万润新能,4.89,12426446346.01,180.1342058853,30.9724,602148422.76,326.5605906087,-49.8303,44.51426787702,11.21,-22.44002413802,11.5626145848,电池,2026-08-29,124.26,6.021,-4.588961991415133,False
9386,600601,方正科技,0.14,3699993416.88,72.8939532958,36.6215,573573120.51,232.38,47.6213,1.228073736765,11.61,0.119760022222,32.2297627888,元件,2026-08-20,37.0,5.736,0.8554287301571427,False
2731,688808,联讯仪器,6.63,1531149021.62,208.7055946128,113.9401,567133423.76,903.0,276.9708,32.996810060757,31.1,5.342234209571,70.7942535034,通用设备,2026-08-27,15.31,5.671,0.8057668491057315,False
4827,688257,新锐股份,1.6073,2057232334.56,80.3947563439,-15.9439,565140212.86,460.51,-19.0413,8.078589651845,21.51,0.24312898221,49.1420313319,通用设备,2026-08-26,20.57,5.651,0.15126546519629194,False
6512,601069,西部黄金,0.6001,11043395827.6,119.6207740424,-63.3749,546703059.57,315.67,-95.3654,5.641347150441,10.92,1.520714750721,9.5926149217,贵金属,2026-08-25,110.43,5.467,2.53410223416264,False
680,301345,涛涛车业,4.96,2750896713.41,60.5619387461,59.7677,540494930.59,57.94,106.572,36.219888704783,14.18,6.534833806975,42.3479490124,摩托车及其他,2026-08-29,27.51,5.405,1.317506815922379,False
11433,603162,海通发展,0.39,3470556268.14,92.7753444935,58.352,523456757.05,502.6,48.7955,3.542972098194,11.16,0.52480182726,19.6142461216,航运港口,2026-07-21,34.71,5.235,1.3456457109230768,False
5337,300073,当升科技,0.9561,10475289755.0,136.3292746706,31.4664,520413034.19,67.25,-12.015,27.652177208315,3.49,0.157920189952,13.2503203643,电池,2026-08-26,104.75,5.204,0.16517120589059722,False
4809,688449,联芸科技,1.13,854109397.31,40.0818953052,40.4079,519551700.5,825.54,5663.8126,5.286861846457,23.84,0.292810378674,49.8526212346,半导体,2026-08-26,8.54,5.196,0.2591242289150443,False
8769,001287,中电港,0.6751,73555689191.12,164.1925747444,46.3179,513045883.85,183.64,123.8047,7.652092504918,9.17,-23.029324284453,2.8454848379,其他电子Ⅱ,2026-08-21,735.56,5.13,-34.11246376011405,False
10228,002407,多氟多,0.43,7035840642.72,62.5493012967,18.8101,511861621.91,897.19,-63.6958,7.293298265204,5.94,0.282561050151,21.5703403337,化学制品,2026-08-18,70.36,5.119,0.6571187212813954,False
9408,600105,永鼎股份,0.344,3339017624.9,47.7515331414,68.0501,503450137.78,58.06,116.9818,2.4890568498,14.77,0.23697454267,27.8880348234,通信设备,2026-08-20,33.39,5.035,0.688879484505814,False
729,300975,商络电子,0.7364,8721853884.43,121.5592594075,29.9203,503267644.83,493.25,-3.8909,4.125416765625,19.03,-2.122176035801,15.2079228121,元件,2026-08-29,87.22,5.033,-2.881825143673275,False
9315,688778,厦钨新能,0.98,14487960872.5,91.089293552,20.0093,491169347.29,46.62,23.1678,18.84443698507,5.22,0.560290399563,8.2940741976,电池,2026-08-20,144.88,4.912,0.5717248975132653,False
11301,603929,亚翔集成,2.3,2547729187.94,51.3555104102,25.3754,490416194.97,204.8,-2.2134,11.190829495079,20.91,-0.613837782387,24.2492882778,专业工程,2026-07-31,25.48,4.904,-0.26688599234217397,False
5290,300458,全志科技,0.49,1888442625.74,41.233970607,7.0753,490211272.38,204.17,41.4472,3.505641414532,14.78,0.226616493147,43.1213120404,半导体,2026-08-26,18.88,4.902,0.4624826390755102,False
923,002842,翔鹭钨业,1.47,2633272274.03,182.8509858326,29.3646,482090971.0,2522.4,-7.5575,5.038118568747,33.24,-1.565544007129,32.0047925804,小金属,2026-08-29,26.33,4.821,-1.064995923217007,True
362,688519,南亚新材,2.02,4223655477.69,83.2344446153,30.5286,461065617.47,428.8,107.1055,13.920134021391,15.24,-0.10050293757,18.8654089811,元件,2026-08-29,42.24,4.611,-0.04975392949009901,False
1902,300769,德方纳米,1.63,10399817836.18,167.9240002831,39.8211,455448105.69,216.55,-28.0978,19.330356302444,8.75,-4.409564591071,11.3347015567,电池,2026-08-28,104.0,4.554,-2.7052543503503066,False
4955,603026,石大胜华,1.93,4784572855.77,58.9101314344,14.5084,449726109.25,898.2674509701,-40.3003,23.237737302382,8.74,-5.308637822438,19.591803035,电池,2026-08-26,47.85,4.497,-2.7505895453046634,False
8766,001337,四川黄金,1.0299,827033385.63,87.0261079822,-27.977,432572275.71,107.34,-37.0739,4.900986582048,21.86,1.351327299714,71.0147106737,贵金属,2026-08-21,8.27,4.326,1.3120956400757355,False
6669,301606,绿联科技,1.0387,5820509537.6,50.917613686,8.0153,430980895.55,56.9,-18.6398,8.598385376242,12.12,-0.168735374647,39.1794783486,消费电子,2026-08-25,58.21,4.31,-0.1624486133118321,False
10210,003022,联泓新科,0.32,5365694741.02,84.3071289737,38.9286,426865507.23,165.68,94.9573,5.841687167385,5.59,0.47628068645,23.8666692814,光伏设备,2026-08-18,53.66,4.269,1.48837714515625,False
3192,300953,震裕科技,1.75,6394440075.91,58.0137189346,15.3784,423322864.52,100.3,-49.7745,20.097626619123,9.02,0.242944359246,13.9507362104,电池,2026-08-27,63.94,4.233,0.13882534814057143,False
2839,603906,龙蟠科技,0.59,7198435910.75,98.7485952091,5.8567,420500326.38,593.8150342423,-3.7445,6.549520108246,11.56,-3.161292344335,20.0563539054,电池,2026-08-27,71.98,4.205,-5.358122617516949,False
782,300661,圣邦股份,0.6775,2595425649.9,42.7014387998,36.3494,420315413.23,109.28,139.8058,14.439008100149,7.61,0.564121575109,51.8393937396,半导体,2026-08-29,25.95,4.203,0.8326517713785977,False
3150,301292,海科新源,1.86,3358646332.39,45.00473462,22.5697,414635348.47,1068.08,5.9252,13.908963316172,14.49,-0.445668480845,20.9131389118,电池,2026-08-27,33.59,4.146,-0.2396067101317204,True
2008,002961,瑞达期货,0.86,798315248.94,60.28,0.3711,410092855.29,80.02,1.4155,8.808412975926,10.12,-3.915132906923,,多元金融,2026-08-28,7.98,4.101,-4.55248012432907,False
6868,003031,中瓷电子,0.89,2210800974.23,54.762730201,1.1569,402734141.25,41.22,8.343,14.119890190498,6.02,0.960025399795,32.0661051733,通信设备,2026-08-25,22.11,4.027,1.078680224488764,False
2198,000062,深圳华强,0.3743,17748016237.79,60.6522807075,30.4598,391438713.35,66.13,-5.1464,6.596715046689,5.73,-0.763318964232,7.712505549,其他电子Ⅱ,2026-08-28,177.48,3.914,-2.0393239760406088,False
11441,001339,智微智能,1.19,3049593179.64,56.6420641839,34.0337,388460769.92,281.92,155.9367,8.287375355582,15.58,2.950427831278,39.5226032694,计算机设备,2026-07-18,30.5,3.885,2.4793511187210084,False
10129,603093,南华期货,0.55,879141903.95,48.1764200269,2.9735,388309024.43,67.91,-10.3617,8.133648430416,6.76,7.542075952269,,多元金融,2026-08-18,8.79,3.883,13.712865367761818,False
6376,688388,嘉元科技,0.58,7512521790.22,89.5704663514,18.05,382242898.85,940.0,117.1749,12.651837854722,4.94,0.247895334428,6.2924354156,电池,2026-08-25,75.13,3.822,0.42740574901379313,False
4916,603317,天味食品,0.3602,2027725694.93,45.7950635917,-20.6302,380802200.01,100.4,-47.7458,3.995869207359,8.42,0.354210162261,42.3160789527,调味发酵品Ⅱ,2026-08-26,20.28,3.808,0.9833708002803997,False
10614,603256,宏和科技,0.42,1047839470.58,90.3889432493,37.0139,379486597.65,334.32,70.6158,3.26041435496,15.28,0.307898304611,59.343007344,玻璃玻纤,2026-08-14,10.48,3.795,0.7330912014547619,False
10089,688779,五矿新能,0.2,7812162781.16,168.9977570192,59.5142,377618935.7,1507.6335597105,264.7646,3.792174142464,5.07,-0.446585328301,11.2136284279,电池,2026-08-18,78.12,3.776,-2.2329266415049998,True
4823,688308,欧科亿,2.35,1206729911.37,99.9622170872,-12.6346,370884709.02,47734.24,-18.0999,18.90012807867,13.18,-1.954444513281,46.0025652144,通用设备,2026-08-26,12.07,3.709,-0.8316785162897872,True
1917,300613,富瀚微,1.52,1463157174.3,112.655090463,61.7191,349770671.07,1419.2,211.1253,13.63390817571,11.3,-0.37222762889,45.2767064609,半导体,2026-08-28,14.63,3.498,-0.24488659795394735,True
11439,688146,中船特气,0.66,1904281352.97,83.1262578334,71.4894,347897694.46,95.63,143.4777,11.348551080273,5.86,-0.454703989115,31.7923109385,半导体,2026-07-18,19.04,3.479,-0.6889454380530302,False
6908,002645,华宏科技,0.455,5596247467.31,77.1295272198,22.7425,342656826.49,330.3,-41.6861,5.760639902676,8.12,0.643247133906,13.66473558,环保设备Ⅱ,2026-08-25,55.96,3.427,1.4137299646285713,False
7858,002925,盈趣科技,0.45,2551669481.0,40.2068423328,24.3287,338067892.19,145.09,162.5141,6.779376932225,6.49,0.170015138173,28.4697783267,消费电子,2026-08-22,25.52,3.381,0.37781141816222225,False
5188,301275,汉朔科技,0.799,2906748119.9,47.2257995324,-3.1045,335514381.55,51.22,-14.3414,9.980131814039,8.09,1.832542977202,33.0735273679,其他电子Ⅱ,2026-08-26,29.07,3.355,2.2935456535694616,False
7802,300548,长芯博创,1.1,1688445780.87,40.7201541506,51.7793,321433658.94,91.08,47.1287,7.089991972538,15.32,1.053386341775,48.8772595004,通信设备,2026-08-22,16.88,3.214,0.9576239470681818,False
11254,688313,仕佳光子,0.6964,1495490807.64,50.6601605112,59.3668,314784732.28,45.3,70.9553,3.798686944995,18.51,-0.840148964373,36.1813534002,通信设备,2026-08-01,14.95,3.148,-1.2064172377556002,False
498,603045,福达合金,2.2887,4399304106.44,96.3546416783,26.5003,309998351.66,1146.56,-28.791,10.052334558737,25.28,-4.878361510679,14.6127609221,金属新材料,2026-08-29,43.99,3.1,-2.131498890496352,True
9324,688536,思瑞浦,2.25,1605824436.86,69.1856086309,28.6508,307757831.93,368.52,91.9889,47.95350082947,4.81,2.572696150337,49.0039019153,半导体,2026-08-20,16.06,3.078,1.1434205112608888,False
188,603638,艾迪精密,0.37,2261958709.31,44.2065334804,-6.2841,305737218.01,47.71,1.8875,5.228636048754,7.96,0.0654234006,28.6578492491,工程机械,2026-08-31,22.62,3.057,0.17682000162162162,False
11033,300184,力源信息,0.2585,6432185722.64,59.4583037337,26.8632,297519061.1,209.5,16.6584,4.062227837705,6.9,0.088300841288,10.3542773948,其他电子Ⅱ,2026-08-10,64.32,2.975,0.341589328,False
1474,688390,固德威,1.19,6249532561.38,52.9559092713,64.7513,286471807.71,1825.9438152314,82.3096,12.591003865403,9.88,0.62561234916,25.7604915873,光伏设备,2026-08-28,62.5,2.865,0.5257246631596638,True
3257,300432,富临精工,0.1649,11048243248.85,90.0582207015,18.6014,281896856.97,61.58,-60.9937,2.814614689023,5.84,0.743704064877,9.1442429862,电池,2026-08-27,110.48,2.819,4.510030714839297,False
2747,688630,芯碁微装,2.14,1105502942.02,68.951037133,14.7768,281409728.1,98.13,59.6207,36.321910399164,11.62,2.01636539878,43.0430986217,专用设备,2026-08-27,11.06,2.814,0.9422268218598131,False
980,002289,宇顺电子,1.0006,547123597.77,306.7871065301,6.1351,280426240.27,6380.84,369.3263,1.771587268884,78.71,0.543119322874,39.3012887721,光学光电子,2026-08-29,5.47,2.804,0.5427936466859884,True
10144,600366,宁波韵升,0.2547,3336660661.1,42.0220388493,22.6846,274095385.26,154.18,35.2088,5.841380673605,4.29,0.1865506614,20.7774458297,金属新材料,2026-08-18,33.37,2.741,0.7324329069493523,False
10088,688836,宇树科技,0.75,1152245550.58,48.5389986228,72.5012,273999911.92,955.5945828766,347.8483,7.911656929646,9.99,0.636082168332,56.0089333697,自动化设备,2026-08-18,11.52,2.74,0.8481095577760001,False
5441,002326,永太科技,0.296,3746224420.1,43.571159474,21.3106,273853465.42,365.74,61.6496,3.197662844254,9.75,0.625668561014,25.0072345566,化学制品,2026-08-26,37.46,2.739,2.113745138560811,False
6670,301603,乔锋智能,2.26,1727766956.38,42.3767631865,38.2678,273286547.02,52.69,58.1231,22.00931009995,10.74,0.596253051673,30.7639439762,通用设备,2026-08-25,17.28,2.733,0.2638287839261062,False
8508,688127,蓝特光学,0.67,1012452775.31,75.5007893474,24.3063,272068137.89,163.21,10.0125,5.883239749351,11.75,0.963897754952,44.1381214717,光学光电子,2026-08-21,10.12,2.721,1.4386533656,False
10337,301696,三瑞智能,0.71,735320317.3,68.7919259598,19.9778,265147519.03,65.45,3.5135,5.302905639009,17.01,0.58857059036,56.0154700053,航空装备Ⅱ,2026-08-17,7.35,2.651,0.8289726624788734,False
7763,301511,德福科技,0.4191,9196561806.87,73.5399231986,12.0072,263458191.26,580.66,-21.0529,6.704924213434,6.31,-0.972301741903,9.1224974836,电池,2026-08-22,91.97,2.635,-2.3199755235099024,False
1959,300302,同有科技,0.5379,260760748.47,50.1224797904,14.2556,257794222.26,1502.54,95.7006,2.681936863401,22.42,-0.200297662458,49.1009842092,计算机设备,2026-08-28,2.61,2.578,-0.37236970153931953,True
6400,688097,博众精工,0.576,3235850808.33,72.4409879708,18.5392,257230511.82,58.18,703.2293,11.368520721849,5.22,-1.320982607671,29.1565339669,自动化设备,2026-08-25,32.36,2.572,-2.293372582762153,False
5221,301031,中熔电气,1.72,1364830457.45,62.7681696239,16.1042,250821721.5,82.41,20.2675,12.046134355027,14.94,-0.009077338052,36.5085901373,其他电子Ⅱ,2026-08-26,13.65,2.508,-0.005277522123255814,False
9764,300855,图南股份,0.63,1023010757.94,70.8964547914,98.6666,249075915.72,167.92,60.6484,5.558117081901,11.68,0.02445675639,40.1062844106,金属新材料,2026-08-19,10.23,2.491,0.03882024823809524,False
6373,688428,诺诚健华,0.14,1137057064.36,55.4558301198,15.0969,246355891.77,918.6917197551,32.8123,4.341112763785,3.2,0.046106870156,89.5390719773,化学制药,2026-08-25,11.37,2.464,0.32933478682857137,False
6714,301099,雅创电子,1.33,6225657278.1,118.678857604,80.8446,243168737.56,495.76,155.389,10.757525953311,16.3,-7.922226037844,12.2969868478,其他电子Ⅱ,2026-08-25,62.26,2.432,-5.956560930709775,False
1435,688796,百奥赛图,0.54,941388593.84,51.6013388674,17.3826,241094391.65,402.29,31.7447,5.418756102047,10.49,0.585278608034,79.2966453083,医疗服务,2026-08-28,9.41,2.411,1.083849274137037,False
11434,300503,昊志机电,0.75,1166348469.27,65.8575138341,35.198,232342843.01,266.57,55.508,5.14676971513,15.55,0.167486892419,42.4462536243,通用设备,2026-07-21,11.66,2.323,0.22331585655866668,False
10252,000506,招金黄金,0.24,362915728.79,85.131256022,2.8827,226798249.89,407.44,-78.9803,0.97085595018,28.34,0.059680145878,55.9424937896,贵金属,2026-08-18,3.63,2.268,0.2486672744916667,False
5035,600490,鹏欣资源,0.1015,2089631780.5,59.5593967589,13.2929,224659211.67,58.81,3.7057,2.874918456958,3.53,0.286236535308,30.4518702825,工业金属,2026-08-26,20.9,2.247,2.8200643872709357,False
9328,688353,华盛锂电,1.44,792459942.58,126.512398032,42.3355,222863455.56,451.483715654,29.7158,22.889240758495,6.14,-0.278025090596,52.5522782558,电池,2026-08-20,7.92,2.229,-0.19307297958055555,False
131,688809,强一股份,1.72,624146448.78,66.7048399187,19.1306,222408112.17,61.3,-1.4429,32.132173374432,5.35,1.647043752938,63.2227160022,半导体,2026-08-31,6.24,2.224,0.9575835772895349,False
655,600037,歌华有线,0.15,1348362375.66,44.479091648,-2.8864,213433040.15,2301.6330490644,115.836,9.233593503696,1.67,0.068360783889,11.6440713116,电视广播Ⅱ,2026-08-29,13.48,2.134,0.45573855926000006,True
11258,600641,先导基电,0.2266,1146692842.72,64.0557371166,14.2674,210130445.65,414.95,1443.2236,8.882719239974,2.54,-1.216731936376,19.9716152973,半导体,2026-08-01,11.47,2.101,-5.369514282330098,False
9493,002491,通鼎互联,0.1647,2457536233.34,61.4560293732,31.055,202537933.47,326.04,195.0107,2.172370632161,7.88,0.116317122792,27.8234609241,通信设备,2026-08-20,24.58,2.025,0.7062363253916211,False
1791,301638,南网数字,0.0637,2217707747.8,42.3702927904,17.7859,202431219.18,1453.65,62.2479,3.501469350429,1.81,-0.122601724709,34.6232392362,IT服务Ⅱ,2026-08-28,22.18,2.024,-1.9246738572841444,True
1491,688279,峰岹科技,1.73,560903072.28,49.5582766779,24.1,199209603.06,70.98,25.6893,45.463267143081,3.83,0.380915403746,52.0263282627,半导体,2026-08-28,5.61,1.992,0.22018231430404625,False
196,603399,永杉锂业,0.39,4366567056.79,82.5820580695,9.7375,197793946.03,237.2906984973,-50.7472,3.310867520617,12.49,-0.542161790542,12.3348230494,能源金属,2026-08-31,43.67,1.978,-1.3901584372871794,False
6992,001314,亿道信息,1.38,2745742798.16,80.6783470516,42.2088,195721443.26,1614.8,256.1066,15.748633975132,9.06,-5.217290989873,14.9862240657,消费电子,2026-08-25,27.46,1.957,-3.7806456448355075,True
779,300672,国科微,0.9016,1377572394.55,85.8116429823,17.5272,195749422.82,872.78,156.2944,18.473877115907,5.02,3.238642315611,40.6092596377,半导体,2026-08-29,13.78,1.957,3.592105496462955,False
4850,688025,杰普特,2.06,1487018408.21,68.8631400537,25.0118,195410242.22,105.25,0.0546,26.857602174608,8.02,0.701530167837,40.8046253294,自动化设备,2026-08-26,14.87,1.954,0.3405486251635922,False
11208,600206,有研新材,0.217,6157898140.55,50.3538965052,8.2547,183333652.78,40.89,7.694,5.150066584133,4.22,-1.122674257574,7.4200648174,半导体,2026-08-05,61.58,1.833,-5.173614090202765,False
7769,301238,瑞泰新材,0.25,1459568978.08,49.7650339604,15.6554,180898880.92,120.85,-56.7762,9.940346235879,2.46,-0.355194773809,12.994247253,电池,2026-08-22,14.6,1.809,-1.420779095236,False
2827,603991,领先股份,1.18,1999798149.33,1819.6292068841,23.2418,180165397.7,895.5013124906,153.5181,23.725240418111,5.02,0.451442225449,20.1671221796,半导体,2026-08-27,20.0,1.802,0.3825781571601695,False
1523,605189,富春染织,0.89,2159477736.77,46.9348338606,47.4356,179787167.94,1238.07,45.2845,10.813762360566,8.5,-1.955273454495,13.7318856866,纺织制造,2026-08-28,21.59,1.798,-2.196936465724719,True
10870,300497,富祥股份,0.33,888252249.7,72.5853930926,48.2807,176943420.63,2660.26,89.1445,4.388601372801,7.78,0.128999092106,39.199639762,化学制药,2026-08-12,8.88,1.769,0.3909063397151515,True
51,301716,鸿富诚,3.13,435238787.15,66.2870738014,57.0668,176068923.12,94.6,87.2316,15.619929979486,22.31,3.404696315396,68.1484413906,非金属材料Ⅱ,2026-09-08,4.35,1.761,1.087762401084984,False
9326,688378,奥来德,0.69,461165167.69,64.1447568998,-3.8503,175808330.99,551.02,19.5202,8.032883736892,8.9,0.600595690513,56.2948063164,光学光电子,2026-08-20,4.61,1.758,0.8704285369753624,False
4883,603826,坤彩科技,0.2062,847322742.14,48.027992317,5.5318,175626025.0,255.43,36.4051,3.008834002747,9.32,0.354863326725,19.7966566749,非金属材料Ⅱ,2026-08-26,8.47,1.756,1.7209666669495636,False
203,603186,华正新材,1.14,2959904829.48,41.2788891917,39.806,172929981.95,305.28,359.2645,15.711469977795,7.86,2.404297115722,15.9287171721,元件,2026-08-31,29.6,1.729,2.1090325576508775,False
10327,688380,中微半导,0.43,725773748.57,44.0139092508,23.1917,171622263.44,98.48,134.8832,8.063179101969,5.26,0.482644456084,38.746032871,半导体,2026-08-17,7.26,1.716,1.1224289676372092,False
2907,603061,金海通,2.01,600713563.49,95.4073809966,11.5786,171174638.22,125.21,7.4784,21.801510869425,9.93,0.664567384368,53.5463417425,半导体,2026-08-27,6.01,1.712,0.3306305394865672,False
913,002975,博杰股份,0.83,1121662766.29,66.8401805729,39.8855,171014100.87,746.94,59.4946,11.869385803498,7.19,0.475722572134,49.3459165415,自动化设备,2026-08-29,11.22,1.71,0.5731597254626506,False
6949,002297,博云新材,0.297,745025137.77,88.3314097206,-4.0237,170216370.59,1911.6,-71.3475,4.008962041026,7.69,-0.07597019562,44.4012710068,航空装备Ⅱ,2026-08-25,7.45,1.702,-0.25579190444444444,True
8710,002716,湖南白银,0.0595,8719289198.18,92.536588686,72.653,168142358.52,170.34,-91.8881,1.440159813257,4.36,-0.487904919791,6.6180554885,贵金属,2026-08-21,87.19,1.681,-8.200082685563025,False
907,003010,若羽臣,0.55,2285601334.75,73.2873669929,29.7964,167453579.07,131.72,31.5013,2.556071355338,20.85,0.76335558284,65.4704775272,互联网电商,2026-08-29,22.86,1.675,1.3879192415272728,False
1849,301150,中一科技,0.51,3938836814.78,47.1518076178,19.1604,166601252.33,987.97,35.1785,11.483252961881,4.53,-0.284721423929,7.6827233247,电池,2026-08-28,39.39,1.666,-0.5582773018215687,False
9757,301563,云汉芯城,1.96,2745619251.15,90.6619549459,38.9976,165908329.46,207.69,121.3699,15.890528736673,12.79,-4.412394360048,16.7862040061,其他电子Ⅱ,2026-08-19,27.46,1.659,-2.2512216122693878,False
8557,600971,恒源煤电,0.1348,3442797025.95,44.8213255038,11.087,161244253.83,224.7899409241,328.2758,9.782394824778,1.36,1.196034649356,28.2552638465,煤炭开采,2026-08-21,34.43,1.612,8.872660603531155,False
1603,603124,江南新材,1.1,6790478048.71,40.8483017675,14.5691,160214251.58,51.73,4.9793,13.32860997507,8.34,-3.15940605035,3.9273413506,金属新材料,2026-08-28,67.9,1.602,-2.8721873184999995,False
374,688372,伟测科技,1.01,1071859786.42,68.9957183803,18.7578,159311093.39,57.61,24.8315,25.152938005446,4.41,3.257145933739,33.590206029,半导体,2026-08-29,10.72,1.593,3.22489696409802,False
1795,301607,富特科技,0.7,2444719792.0,65.8079973551,32.881,157828268.04,135.76,5.0924,8.094587625425,10.64,0.554760221459,18.1219569016,汽车零部件,2026-08-28,24.45,1.578,0.7925146020842857,False
1833,301246,宏源药业,0.3937,1341942986.85,52.0513648247,-9.2546,156238212.74,2788.93,-91.7625,11.511682331025,3.44,0.098790271565,23.0659325123,化学制药,2026-08-28,13.42,1.562,0.2509277916306833,True
2826,603992,松霖科技,0.36,1641339113.47,43.9553188244,0.4753,154689396.26,66.18,-37.861,8.123289477436,4.57,0.229714172152,31.3012974244,家居用品,2026-08-27,16.41,1.547,0.6380949226444445,False
6911,002606,大连电瓷,0.36,863560967.18,48.5868142044,5.4068,154730741.92,232.18,60.0301,4.664955974951,7.8,0.203995654506,38.6919501806,电网设备,2026-08-25,8.64,1.547,0.56665459585,False
4900,603507,振江股份,0.63,2863416587.81,56.1044285842,-7.6469,149833033.71,854.75,-45.6326,14.194432097353,5.81,1.989188649916,19.6936939749,风电设备,2026-08-26,28.63,1.498,3.1574423014539685,False
152,688221,前沿生物,0.4,313296180.72,434.2720173848,-94.5598,148929627.03,252.9795924215,-134.5058,2.76008862945,15.59,0.482913172364,84.0533505307,化学制药,2026-08-31,3.13,1.489,1.20728293091,False
10197,300620,光库科技,0.5955,1031662205.86,72.9098394423,41.9099,148395975.24,186.09,131.7119,9.059397596269,6.65,-0.647789719498,38.7732870089,通信设备,2026-08-18,10.32,1.484,-1.087808093195634,False
6522,600893,航发动力,0.05,20754568567.75,47.2120902772,93.2585,146221290.78,59.32,5513.3895,15.069022663287,0.36,-2.799027787863,9.0467456922,航空装备Ⅱ,2026-08-25,207.55,1.462,-55.98055575725999,False
5390,002805,丰元股份,0.52,3277522000.15,353.0442372656,37.0167,145931423.4,159.99,-10.3162,3.578828920614,15.68,-0.053124347655,8.2316250362,电池,2026-08-26,32.78,1.459,-0.10216220702884615,False
8643,301026,浩通科技,0.6588,2749463267.29,104.1461053976,-46.3712,145819034.66,73.41,27.3342,7.812234286032,8.52,1.718259026737,5.4975624682,小金属,2026-08-21,27.49,1.458,2.6081648857574375,False
2135,001298,好上好,0.3387,7385942338.35,90.1799162677,34.1973,145309599.32,332.32,46.1319,4.034173435258,8.57,-3.445089309762,5.2794238274,其他电子Ⅱ,2026-08-28,73.86,1.453,-10.17150667186891,False
2901,603125,常青科技,0.35,705865889.98,45.6693014432,-18.56,139906546.61,99.16,-27.9164,6.355457549757,5.56,0.208230503077,30.318340982,化学制品,2026-08-27,7.06,1.399,0.5949442945057143,False
4810,688416,恒烁股份,1.31,528413533.8,203.2065471271,40.7689,139638250.35,297.2781340181,87.1053,13.272352650976,10.36,0.566065620323,44.6624671312,半导体,2026-08-26,5.28,1.396,0.4321111605519084,False
7764,301338,凯格精机,0.92,732746371.01,61.5337736017,15.7331,137432107.35,104.69,11.5041,11.514609936963,8.08,0.077358050752,40.6085619817,专用设备,2026-08-22,7.33,1.374,0.08408483777391304,False
674,301396,宏景科技,0.6379,1843260974.24,156.4331358574,289.0883,137094320.29,127.43,253.0931,6.115472679961,10.74,8.228494984461,34.8781619301,IT服务Ⅱ,2026-08-29,18.43,1.371,12.899349403450383,False
7880,002552,宝鼎科技,0.35,2157233421.49,54.6913718828,22.454,135971566.97,518.63,5.8726,4.221867164174,8.68,0.179357842294,20.8248970879,元件,2026-08-22,21.57,1.36,0.5124509779828572,False
9343,688117,圣诺生物,0.61,507264016.25,50.2693222448,7.6522,135194010.21,51.98,3.7213,5.191665389741,12.1,0.395867856062,58.7334460588,生物制品,2026-08-20,5.07,1.352,0.6489636984622951,False
5201,301149,隆华新材,0.31,3970761451.89,40.1859087284,-0.3521,134930215.39,77.3,89.0354,5.121042759677,6.33,-0.663197122331,6.1185921339,化学制品,2026-08-26,39.71,1.349,-2.1393455559064516,False
6758,300843,胜蓝股份,0.79,1129515673.04,45.8900498354,29.6346,129714763.19,54.41,159.7078,10.419995037192,7.74,0.386199372577,25.2936697922,消费电子,2026-08-25,11.3,1.297,0.4888599652873417,False
10349,688531,日联科技,0.78,715401975.65,55.3899509991,41.7384,128022734.82,54.63,89.9512,20.711676797965,3.72,0.21430608677,44.984212611,专用设备,2026-08-15,7.15,1.28,0.27475139329487175,False
7828,300201,海伦哲,0.1292,1177601697.84,46.671955943,26.4385,127520459.82,52.41,96.5655,1.871507838689,6.7,-0.140928564468,38.5837463706,工程机械,2026-08-22,11.78,1.275,-1.090778362755418,False
347,688633,星球石墨,0.85,437524732.17,40.9550509838,-23.7826,125149117.79,168.18,-29.1947,14.046819330421,6.7,0.794862112658,48.6447324805,专用设备,2026-08-29,4.38,1.251,0.9351318972447059,False
3001,600540,新赛股份,0.2152,2570847158.51,77.1503537672,-20.656,125109148.69,1819.68,99.172,0.805156732957,30.8496,4.163063096859,8.6905465446,种植业,2026-08-27,25.71,1.251,19.345088740051114,True
151,688293,奥浦迈,0.91,453690008.08,155.2432621603,49.0678,124032624.39,230.34,116.1765,22.095421987999,4.32,0.742451377826,46.0487862173,生物制品,2026-08-31,4.54,1.24,0.8158806349736264,False
663,301655,绿控传动,0.32,2365788093.57,94.0660709598,33.3338,123358682.78,80.63,10.2801,2.675893394092,12.71,0.219187917225,14.4070560739,汽车零部件,2026-08-29,23.66,1.234,0.684962241328125,False
11180,300191,潜能恒信,0.3675,692518043.58,200.4882733844,127.3137,117604906.69,522.94,185.6187,3.843348657219,10.0,1.232259335094,58.341749896,油服工程,2026-08-06,6.93,1.176,3.3530866261061227,False
776,300681,英搏尔,0.38,2423725373.34,77.0627441095,22.9165,117618651.84,216.75,7.2802,10.208814925464,3.8,1.036521326045,15.4982844316,汽车零部件,2026-08-29,24.24,1.176,2.727687700118421,False
7790,300697,电工合金,0.271,2461309141.25,72.0242313948,24.5441,117366857.99,42.55,-11.9245,3.00443222506,8.74,-0.228270522074,9.5432469011,工业金属,2026-08-22,24.61,1.174,-0.8423266497195572,False
788,300611,美力科技,0.55,2084668378.47,131.7325104312,267.3258,116472606.93,44.87,472.4489,6.115547812461,8.88,-0.809294898185,20.5494808332,汽车零部件,2026-08-29,20.85,1.165,-1.4714452694272726,False
10444,002309,中利集团,0.04,1478304701.7,76.566777605,26.3429,114921265.69,261.37,535.9479,0.658654889706,6.02,-0.153464357452,9.0793089196,电网设备,2026-08-15,14.78,1.149,-3.8366089362999998,False
3112,301717,超纯应材,1.49,306202649.8,48.4084715048,8.3043,114112055.71,85.46,-17.163,12.69393089145,12.51,2.053212035827,57.533010036,半导体,2026-08-27,3.06,1.141,1.3779946549174495,False
1438,688758,赛分科技,0.2669,279738112.89,53.1696185826,46.0906,110638217.52,106.19,111.7581,3.332555731865,7.97,0.207217372891,75.3193909379,化学制药,2026-08-28,2.8,1.106,0.7763858107568378,False
810,300490,华自科技,0.28,2025195743.42,121.3584605801,27.9077,109916532.49,179.26,-67.5974,5.65358641599,5.04,-0.678380048692,20.115574706,电网设备,2026-08-29,20.25,1.099,-2.422785888185714,False
3302,002986,宇新股份,0.2906,5672713252.29,64.6971153964,55.3615,108917006.95,400.64,382.4653,10.466999510304,2.79,0.704251665294,8.5649374575,炼化及贸易,2026-08-27,56.73,1.089,2.4234400044528557,False
4829,688231,隆达股份,0.34,1344876334.25,62.2561661752,37.3226,107299208.49,102.29,25.544,8.923102813368,3.82,-0.712093222724,20.9781767345,金属新材料,2026-08-26,13.45,1.073,-2.0943918315411763,False
11310,600110,诺德股份,0.0598,6432962337.54,113.3287576188,52.9874,102906126.6,242.07,56.6896,3.461823192857,1.77,-0.630557836444,9.159727711,电池,2026-07-31,64.33,1.029,-10.54444542548495,False
1800,301571,国科天成,0.56,666609440.51,63.9727014536,133.2193,100596099.15,49.43,203.6591,11.814179833327,4.83,-0.577819699873,37.7750297652,军工电子Ⅱ,2026-08-28,6.67,1.006,-1.031820892630357,False
11038,688700,东威科技,0.33,673661280.42,51.9387894538,20.528,99121663.01,133.21,23.671,6.495200954781,5.27,1.043680944014,37.5587585236,专用设备,2026-08-08,6.74,0.991,3.1626695273151513,False
9349,688003,天准科技,0.51,887141718.39,48.6292382214,31.0687,98482552.25,793.9166584513,1897.7236,10.218850048772,4.83,0.416205865621,36.1079767302,自动化设备,2026-08-20,8.87,0.985,0.816089932590196,False
903,003018,金富科技,0.31,738077716.8,82.3784719133,184.4834,96180983.83,93.87,266.8056,6.326692482038,5.86,0.068055355385,36.0023356567,包装印刷,2026-08-29,7.38,0.962,0.21953340446774194,False
11059,300042,朗科科技,0.4744,966250486.5,101.7597377368,-1.2426,95079679.04,632.43,-83.896,5.646713083583,8.69,0.054707303543,19.9921031626,计算机设备,2026-08-08,9.66,0.951,0.1153189366420742,False
10944,301697,贝特利,0.48,2921070446.6,116.8945608402,-11.7185,94997821.58,105.44,-47.6891,4.765738054112,10.67,-1.237100998122,7.1542873916,光伏设备,2026-08-11,29.21,0.95,-2.5772937460875003,False
11061,002741,光华科技,0.2028,2247642620.09,75.3218396688,31.7972,94284977.92,67.56,29.1525,4.266824524505,4.75,-0.518548115423,13.6754060762,电子化学品Ⅱ,2026-08-08,22.48,0.943,-2.556943369935897,False
6359,688712,北芯生命,0.23,386614054.22,49.3516621551,8.5903,92969970.48,88.01,3.3869,4.369121251103,5.76,0.402572020216,71.5373248776,医疗器械,2026-08-25,3.87,0.93,1.750313131373913,False
11134,300283,温州宏丰,0.19,2986232002.24,92.1988266684,8.9058,92346186.36,2521.9,-35.9612,2.414355196735,7.95,-0.145300611442,12.0056541237,电网设备,2026-08-07,29.86,0.923,-0.7647400602210526,True
1622,601700,风范股份,0.0799,1877179228.68,43.1992400551,20.2798,91118432.87,922.93,120.8108,1.940258038161,4.19,-0.067378011575,15.2581811232,电网设备,2026-08-28,18.77,0.911,-0.8432792437421777,False
11366,300671,富满微,0.41,677704332.42,77.0423367042,51.9423,90640014.56,353.41,241.699,7.567866919368,5.46,-0.473924708765,26.1260508071,半导体,2026-07-30,6.78,0.906,-1.1559139238170733,False
11378,301071,力量钻石,0.354,437713020.3,80.9413890974,37.8563,90081556.09,247.61,50.3966,20.921052329816,1.69,0.812806310386,34.4447647883,非金属材料Ⅱ,2026-07-29,4.38,0.901,2.296063023689266,False
1957,300337,银邦股份,0.1077,4270024623.69,49.0979390991,25.1433,88538046.95,95.08,-38.0249,2.194599668673,4.9,-0.583028124589,9.4350789444,工业金属,2026-08-28,42.7,0.885,-5.413445910761374,False
9482,002824,和胜股份,0.28,2380778710.32,44.6399754766,34.6957,88271694.83,102.82,158.971,7.544205377809,3.7,1.223553350501,13.7096214438,工业金属,2026-08-20,23.81,0.883,4.369833394646427,False
1921,300590,移为通信,0.19,603684218.08,67.7036603151,-6.7987,88233871.47,184.44,-30.0905,4.090919619037,4.7,-0.090756514384,40.2140988847,通信设备,2026-08-28,6.04,0.882,-0.4776658651789473,False
6377,688368,晶丰明源,0.51,1452269396.8,98.5363748903,38.6351,86547074.71,449.09,35.4424,24.669573035819,3.05,0.287095964646,37.203395023,半导体,2026-08-25,14.52,0.865,0.5629332640117647,False
10866,301128,强瑞技术,0.5946,1374127982.76,63.6832837525,66.3354,86110015.28,56.83,386.0657,6.627265580611,9.04,-0.874088260973,29.3759111774,专用设备,2026-08-12,13.74,0.861,-1.4700441657803565,False
6708,301190,善水科技,0.4147,477183801.71,56.3522880028,31.5222,85159773.14,78.25,24.3416,9.305884618832,4.29,0.179414386509,34.4361208618,化学原料,2026-08-25,4.77,0.852,0.43263657224258495,False
10344,688699,明微电子,0.8,483759700.31,69.2571939285,24.677,84982798.36,340.36,158.8616,11.65381467454,6.89,0.433252687966,32.9679769207,半导体,2026-08-15,4.84,0.85,0.5415658599575,False
668,301510,固高科技,0.21,390734619.34,59.7708874941,51.1282,83737585.69,170.98,179.5494,3.75608820892,5.67,-0.002060238544,50.6623616854,自动化设备,2026-08-29,3.91,0.837,-0.009810659733333333,False
10940,600203,福日电子,0.1406,7923002533.1,48.5736249284,0.3194,83349726.55,277.41,-20.4426,2.899659493646,5.05,-0.767235321417,5.8034501237,消费电子,2026-08-11,79.23,0.833,-5.456865728428165,False
10931,688309,恒誉科技,1.02,311138967.77,149.6024916276,-19.4745,81075575.29,865.58,-9.3066,10.573933821763,9.96,0.046618033019,51.4235632511,环保设备Ⅱ,2026-08-11,3.11,0.811,0.04570395394019608,False
2785,688222,成都先导,0.2,345979084.89,52.4055840077,15.5148,80675253.74,61.21,-5.6027,3.807874906409,5.24,0.302102382849,54.7219557651,医疗服务,2026-08-27,3.46,0.807,1.5105119142449999,False
7636,688063,派能科技,0.33,2644233928.42,130.0650742084,71.9822,79286184.72,469.92,155.7283,37.94983832034,0.86,-1.169680111549,20.1190405884,电池,2026-08-22,26.44,0.793,-3.544485186512121,False
5323,300179,四方达,0.161,374530737.76,43.763023337,3.5114,78179715.07,46.9,-17.8856,2.391084944816,6.17,0.130717096541,47.6258872174,通用设备,2026-08-26,3.75,0.782,0.811907431931677,False
9532,000711,京蓝科技,0.0253,444550830.15,98.0652175543,124.0081,74201518.71,213.11,597.8298,0.247198503244,11.6,-0.049002340569,18.4913055144,环境治理,2026-08-20,4.45,0.742,-1.936851405889328,False
9767,300480,光力科技,0.21,452702150.54,57.2278726213,19.0428,74168955.79,194.56,35.2369,4.844428426979,4.14,-0.069805569865,50.3928573783,专用设备,2026-08-19,4.53,0.742,-0.33240747554761907,False
6717,301086,鸿富瀚,0.58,588882970.89,65.689935667,8.759,73103568.07,221.59,-11.7356,15.675096573053,3.69,-5.658999976244,35.9915523062,消费电子,2026-08-25,5.89,0.731,-9.756896510765518,False
421,605289,罗曼股份,0.47,943046270.46,118.1100635468,45.0305,71974705.53,444.1,-45.3133,8.964233319005,5.34,3.175053473254,23.8719683945,专业工程,2026-08-29,9.43,0.72,6.755432921817022,False
6692,301349,信德新材,0.4976,832531130.97,63.2711143213,30.7562,70425303.17,617.62,24.9173,19.496155413026,2.55,-0.367093963037,16.0232709202,电池,2026-08-25,8.33,0.704,-0.7377290253959004,False
360,688530,欧莱新材,0.43,507586075.19,133.4343375652,-15.9662,69433821.01,1097.7825601388,-29.3374,5.472519444115,8.25,0.336763651725,25.5185137992,半导体,2026-08-29,5.08,0.694,0.7831712830813954,True
9701,688610,埃科光电,1.02,377620179.42,82.3315306969,57.6843,69160497.57,91.92,98.0438,24.136814372647,4.38,-0.429152433971,43.0095025376,通用设备,2026-08-19,3.78,0.692,-0.4207376803637255,False
1445,688678,福立旺,0.21,1164393266.71,65.1484308524,15.5055,68480140.6,486.0726951574,-49.5678,5.793908345676,3.11,0.532192130833,25.6842889855,消费电子,2026-08-28,11.64,0.685,2.5342482420619046,False
1518,688052,纳芯微,0.42,2540419186.83,66.7308466825,22.577,67591800.42,186.6450606843,389.1392,47.610679288021,0.88,-4.368879788437,32.0897181448,半导体,2026-08-28,25.4,0.676,-10.40209473437381,False
2163,000886,海南高速,0.0663,508808716.52,49.0760348402,150.59,65600716.71,306.72,479.2229,3.289895197872,2.02,0.029259197608,15.1507451459,铁路公路,2026-08-28,5.09,0.656,0.4413151977073907,False
3151,301281,科源制药,0.5974,331466454.4,45.4655159403,5.4932,64692066.26,51.56,15.1137,13.200942018931,4.65,0.39022229264,55.7066132632,化学制药,2026-08-27,3.31,0.647,0.6532010255105457,False
11252,301366,一博科技,0.3063,708792806.39,41.6284239216,32.962,63829325.44,1561.55,350.2962,10.523823487475,2.92,0.251799191969,31.4357180859,元件,2026-08-03,7.09,0.638,0.8220672281064316,True
6902,002685,华东重机,0.0616,757030027.4,108.0422845338,-62.8342,62069712.02,137.31,-85.3439,1.644580021112,3.82,-0.01527474754,22.8892273157,工程机械,2026-08-25,7.57,0.621,-0.24796668084415582,False
354,688603,天承科技,0.49,306382397.09,43.7403461083,11.9048,61609005.9,67.72,5.7843,9.958214298497,5.03,0.075358954186,36.9801109026,电子化学品Ⅱ,2026-08-29,3.06,0.616,0.15379378405306124,False
10961,000762,西藏矿业,0.115,541006973.09,304.5774682034,75.6352,60066329.11,492.46,116.3787,5.739126772333,2.03,0.470119595947,43.6607273546,能源金属,2026-08-11,5.41,0.601,4.087996486495652,False
10126,603196,璞源材料,0.1424,772194130.21,104.253587922,3.9704,59161339.3,54.52,49.9162,4.84653375561,3.0,0.238671502804,48.7243084388,服装家纺,2026-08-18,7.72,0.592,1.6760639241853934,False
10936,600768,富邦新材,0.44,1024855628.83,91.0354873547,52.6152,58512369.2,504.48,9.0796,3.600204824849,12.75,-1.992232178019,17.7157126002,工业金属,2026-08-11,10.25,0.585,-4.527800404588636,False
369,688455,科捷智能,0.34,733148715.89,49.0583401367,74.1777,56501756.04,251.5721900133,328.7531,6.181468381551,5.59,-0.71528192824,12.7097725251,自动化设备,2026-08-29,7.33,0.565,-2.1037703771764704,False
9470,300153,科泰电源,0.1737,1498393653.78,110.8054218234,43.1409,55583901.11,131.66,73.2446,2.958823004094,5.86,0.147826024219,13.7101804323,其他电源设备Ⅱ,2026-08-20,14.98,0.556,0.8510421659124929,False
145,688456,有研粉材,0.53,2620505234.94,46.3870539782,7.1343,55352043.68,54.79,-17.2694,12.381059007235,4.3,-1.768407279761,7.2382593128,金属新材料,2026-08-31,26.21,0.554,-3.336617508983019,False
9704,688297,中无人机,0.08,1634010604.95,272.4767912404,84.53,54925640.39,72.87,125.688,8.219440927956,0.97,0.811230185156,10.7444593247,航空装备Ⅱ,2026-08-19,16.34,0.549,10.14037731445,False
1009,002077,大港股份,0.09,233170414.67,45.5538639891,22.3986,54543925.42,71.74,-57.9695,5.859246687843,1.62,0.099169067277,18.8036101802,半导体,2026-08-29,2.33,0.545,1.1018785253,False
8637,301210,金杨精密,0.33,1176728536.78,59.5724299589,17.3499,53494150.31,177.7,10.0448,11.779751871896,2.78,-0.030274361753,14.0186653237,电池,2026-08-21,11.77,0.535,-0.09174049016060605,False
11065,002200,交投生态,0.1209,288487921.03,209.1562160739,10.5239,53197112.21,187.62,170.6129,2.969218370505,4.05,-0.08566381761,19.5590432863,基础建设,2026-08-08,2.88,0.532,-0.7085510141439206,False
139,688559,海目星,0.21,3073242310.03,84.6423856681,33.3714,51914998.3,107.3283714825,5.9295,9.993535726147,2.14,7.581268866335,23.1013397275,自动化设备,2026-08-31,30.73,0.519,36.101280315880956,False
6391,688202,美迪西,0.39,761474155.85,40.9074656653,8.8265,51602435.5,500.0698589793,130.4596,14.906554628394,2.63,1.003298163951,31.5971129646,医疗服务,2026-08-25,7.61,0.516,2.5725593947461536,False
7849,300005,探路者,0.0607,929480283.76,42.3379638098,-12.4695,51253054.27,155.06,-109.1993,2.429819798239,2.54,-0.048994919845,45.2536574427,服装家纺,2026-08-22,9.29,0.513,-0.8071650715815486,False
5240,300890,翔丰华,0.4271,1095471847.19,59.3201900236,4.1583,50910129.4,1828.15,17.223,18.146115462434,2.23,0.4750416461,18.6925604072,电池,2026-08-26,10.95,0.509,1.1122492299227347,True
8538,603068,博通集成,0.33,638636909.5,70.208448928,5.65,50501645.85,162.6,111.099,11.783601154718,2.9,-0.204378504571,29.535261914,半导体,2026-08-21,6.39,0.505,-0.619328801730303,False
10240,002115,三维通信,0.0626,12072533881.65,173.7581051798,50.4574,50393505.16,1825.74,33.2058,2.575281434538,2.44,-0.023552336813,3.0473507306,通信服务,2026-08-18,120.73,0.504,-0.3762354123482428,True
9700,688627,精智达,0.52,803714323.87,81.1679117713,41.4418,48909868.62,59.9,136.1356,18.989424385822,2.8,-3.71576266374,43.3773684636,通用设备,2026-08-19,8.04,0.489,-7.145697430269231,False
10871,300107,建新股份,0.0851,360266544.82,51.4233572136,36.9838,47870064.02,790.27,528.1059,2.699755736565,3.2,0.045084544259,23.9691416096,化学制品,2026-08-12,3.6,0.479,0.5297831287779083,False
5481,001313,粤海饲料,0.07,3779289438.95,41.6563671211,46.8377,47786943.63,1240.46,224.4682,3.728885205486,1.86,-0.688930936857,10.9946083589,饲料,2026-08-26,37.79,0.478,-9.84187052652857,True
11127,600770,综艺股份,0.0363,330774380.98,55.1841570789,51.8165,47137370.4,136.92,111.9181,2.6176544139,1.38,0.029608166892,23.4184703696,综合Ⅱ,2026-08-07,3.31,0.471,0.8156519804958677,False
1453,688577,浙海德曼,0.3,528393891.59,45.8896455055,52.3686,46717213.76,479.25,82.019,6.561928866135,4.5,0.420738906624,28.2904736351,通用设备,2026-08-28,5.28,0.467,1.40246302208,False
10932,688148,芳源股份,0.09,1465586673.53,62.8729301676,20.245,45112035.28,130.3102534809,-126.5842,0.723568854782,8.85,0.073878919924,11.1420580747,电池,2026-08-11,14.66,0.451,0.8208768880444445,False
503,603007,顺景科技,0.05,377300988.64,2411.7201704644,54.1761,44555588.51,222.89,932.1809,0.326999192888,15.89,-0.016169196058,17.0112712085,汽车零部件,2026-08-29,3.77,0.446,-0.32338392116,False
3394,002134,天津普林,0.18,943880095.38,43.4659224935,22.724,44361546.39,560.06,182.7103,2.286499371901,8.55,0.193539516589,19.2678433267,元件,2026-08-27,9.44,0.444,1.0752195366055557,False
6751,300885,海昌新材,0.1771,274134478.8,98.6222845286,-23.8114,43952468.58,42.97,-17.5245,3.684090600632,4.81,0.155537405088,36.5453169549,通用设备,2026-08-25,2.74,0.44,0.878246217323546,False
6473,603255,鼎际得,0.32,703715848.61,60.5051885959,30.4387,43578097.31,931.1,189.8433,11.987104439906,2.73,2.209367019728,19.1715211341,化学制品,2026-08-25,7.04,0.436,6.90427193665,False
2087,002365,永安药业,0.1501,563704504.5,53.4402952217,38.9618,43408294.2,247.39,361.0696,6.794959821469,2.16,0.108898543008,25.3240624849,化学制药,2026-08-28,5.64,0.434,0.7255066156429048,False
1027,001266,宏英智能,0.41,707235621.06,114.469109304,-69.9358,42664506.71,178.29,-82.5032,9.295789329939,4.42,-1.607636860082,20.1400400812,自动化设备,2026-08-29,7.07,0.427,-3.921065512395122,False
5232,300964,本川智能,0.3119,611360109.48,60.9961811509,59.7319,42702347.0,98.99,157.622,9.86568790382,4.17,0.034985940757,22.8204258336,元件,2026-08-26,6.11,0.427,0.11217037754729078,False
1511,688090,瑞松科技,0.26,625415683.54,71.6662734033,109.5244,41844076.69,3349.4580375361,3.2976,5.906715746534,4.53,0.663478423499,22.9679749086,自动化设备,2026-08-28,6.25,0.418,2.551840090380769,True
1447,688620,安凯微,0.1,435794448.24,85.9928782339,90.9197,40266706.85,181.7586068118,405.1278,3.348720180536,3.08,0.059174557041,39.6358805941,半导体,2026-08-28,4.36,0.403,0.59174557041,False
359,688535,华海诚科,0.28,468775529.66,161.7746537808,10.4424,39684495.16,188.1,93.3693,15.583082183759,1.81,0.077716311433,30.3380026754,半导体,2026-08-29,4.69,0.397,0.2775582551178571,False
7686,603002,宏昌电子,0.03,2186071092.95,64.8305374072,20.9569,39391548.37,141.15,8207.4475,3.066438396577,1.13,0.047406999466,9.3783747203,电子化学品Ⅱ,2026-08-22,21.86,0.394,1.5802333155333335,False
11132,301091,深城交,0.07,621408705.13,49.6527009581,173.9509,38544455.63,510.08,272.9173,4.597000227147,1.6,-0.290579967133,33.1636144487,工程咨询服务Ⅱ,2026-08-07,6.21,0.385,-4.151142387614286,False
10363,688045,必易微,0.54,451977509.07,59.9452914523,20.8087,37598349.72,526.5474738158,75.8503,20.666843639646,2.63,0.176419014985,33.1758348393,半导体,2026-08-15,4.52,0.376,0.3267018796018519,False
1602,603135,中重科技,0.06,339299037.86,51.8371960698,134.445,37449831.34,90.82,2.4035,4.698527960476,1.22,0.17464904715,19.1940791789,专用设备,2026-08-28,3.39,0.374,2.9108174525,False
631,600191,华资实业,0.0746,349188464.17,58.0002171197,8.6425,36160753.52,722.6,-23.6555,3.536882233942,2.12,0.063511761835,4.608410283,农产品加工,2026-08-29,3.49,0.362,0.8513640996648794,False
1842,301191,菲菱科思,0.36,1010419143.29,40.0218601437,10.7587,34803598.49,59.04,-18.5006,17.619031837182,2.09,-1.02823102657,10.5434894714,通信设备,2026-08-28,10.1,0.348,-2.856197296027778,False
9406,600118,中国卫星,0.03,1885317136.19,42.7240432654,109.5047,34565755.4,213.3620952489,280.9688,5.416211397858,0.54,-0.237377390119,18.752860868,航天装备Ⅱ,2026-08-20,18.85,0.346,-7.912579670633334,False
898,003032,传智教育,0.09,260276829.1,59.6629196377,50.1359,34418058.43,577.83,2160.7255,2.985717658452,2.9,0.220252480957,59.1003465779,教育,2026-08-29,2.6,0.344,2.4472497884111113,False
9461,300540,蜀道装备,0.1512,299925556.92,46.3331918464,99.9986,34017702.89,235.11,76.8505,5.076238100638,2.97,-0.179700917867,31.0885312634,专用设备,2026-08-20,3.0,0.34,-1.1884981340410052,False
795,300587,天铁科技,0.02,1007347357.95,50.9196508076,83.5087,32229633.01,147.17,-22.095,1.752676424203,1.44,0.211679205551,31.1737351939,橡胶,2026-08-29,10.07,0.322,10.58396027755,False
1485,688307,中润光学,0.26,404185382.49,61.8494531292,14.7443,31820026.08,54.73,13.5629,7.349965404366,3.46,0.24830236427,32.1082570727,光学光电子,2026-08-28,4.04,0.318,0.9550090933461538,False
7787,300721,怡达股份,0.1868,1135156281.98,64.430230528,7.193,30789754.93,148.89,514.4457,6.756322845185,2.8,0.342166528511,10.6835293691,化学制品,2026-08-22,11.35,0.308,1.8317265980246253,False
164,688048,长光华芯,0.1721,391023878.55,82.6664389648,100.9526,30337848.85,238.04,477.2394,17.248734693714,1.0,-0.891184230074,25.0984406154,半导体,2026-08-31,3.91,0.303,-5.178293027739686,False
9539,000520,凤凰航运,0.0295,672590221.07,95.6994130971,76.121,29889930.35,2329.69,705.2158,0.441815063255,6.91,0.029377052696,6.9550446386,航运港口,2026-08-20,6.73,0.299,0.9958322947796611,True
671,301487,盟固利,0.0651,1570512517.35,54.2884174418,-5.0831,29918448.69,686.93,-49.393,4.185671719426,1.56,0.005021454063,9.9648159891,电池,2026-08-29,15.71,0.299,0.07713447101382488,False
2200,000036,华联控股,0.0197,341925917.34,60.1483276665,-54.4714,27701514.82,1260.83,-93.6125,3.664780794572,0.54,0.11016383235,61.6403414078,房地产开发,2026-08-28,3.42,0.277,5.592072708121828,True
6388,688215,瑞晟智能,0.29,279112124.11,50.8355158101,38.0236,26524209.16,609.31,98.0691,5.528208779067,5.33,-0.054976722682,27.0464422714,自动化设备,2026-08-25,2.79,0.265,-0.1895749058,False
1977,300159,新研股份,0.008,201113070.18,52.2517478072,147.3604,26235256.49,115.58,-148.3781,0.843692352142,0.96,-0.053900446915,10.5442948243,专用设备,2026-08-28,2.01,0.262,-6.7375558643749995,False
3139,301369,联动科技,0.23,223494573.05,43.4545817084,38.2427,23399979.91,93.2,485.3364,15.191627447215,1.52,-0.228927340999,57.1900048693,半导体,2026-08-27,2.23,0.234,-0.9953362652130434,False
200,603316,诚邦股份,0.08,341625228.86,65.1564335356,-24.3376,22399553.73,314.61,-104.6528,2.08713367481,4.15,-0.12683182715,9.2210869891,半导体,2026-08-31,3.42,0.224,-1.585397839375,False
2789,688180,君实生物,0.02,1696210935.65,45.1758162326,33.5453,21663031.17,105.249154886,305.3443,5.789223654004,0.36,-0.066779874631,83.1816779114,生物制品,2026-08-27,16.96,0.217,-3.33899373155,False
5199,301176,逸豪新材,0.1299,1264444524.23,69.077635104,16.5397,21501957.89,242.19,28.9666,8.868431065421,1.44,-1.70100002486,6.614936963,元件,2026-08-26,12.64,0.215,-13.09468841308699,False
10370,603669,灵康药业,0.03,257457947.37,50.0271209486,97.5158,21112693.34,159.08,514.2547,0.815527509666,3.35,-0.019936508955,41.3130295478,化学制药,2026-08-15,2.57,0.211,-0.6645502985,False
6390,688203,海正生材,0.1,606327069.81,48.5336515053,26.6124,20922037.17,557.61,1800.353,7.375259764614,1.41,0.130230906829,13.1304460157,塑料,2026-08-25,6.06,0.209,1.3023090682899998,False
