序号,code,name,eps,revenue,rev_yoy,营业总收入-季度环比增长,profit,profit_yoy,净利润-季度环比增长,bps,roe,ocf_ps,gross_margin,industry,ann_date,rev_yi,profit_yi,cash_ratio,小基数,信号分,命中词,文件数,kf_pct,kf_yi,np_yi,period_used,扣非占比,判定
3112,301717,超纯应材,1.49,306202649.8,48.4084715048,8.3043,114112055.71,85.46,-17.163,12.69393089145,12.51,2.053212035827,57.533010036,半导体,2026-08-27,3.06,1.141,1.3779946549174495,False,11,订单饱满、超预期、需求旺盛,3,35.22,1.13,1.14,2026-06-30,0.991,⚠️扣非不达标
6400,688097,博众精工,0.576,3235850808.33,72.4409879708,18.5392,257230511.82,58.18,703.2293,11.368520721849,5.22,-1.320982607671,29.1565339669,自动化设备,2026-08-25,32.36,2.572,-2.293372582762153,False,12,在手订单、量价齐升、需求旺盛,2,27.92,0.978741,2.57,2026-06-30,0.381,⚠️扣非不达标
145,688456,有研粉材,0.53,2620505234.94,46.3870539782,7.1343,55352043.68,54.79,-17.2694,12.381059007235,4.3,-1.768407279761,7.2382593128,金属新材料,2026-08-31,26.21,0.554,-3.336617508983019,False,4,订单饱满,1,26.6,0.366579,0.55352,2026-06-30,0.662,⚠️扣非不达标
4900,603507,振江股份,0.63,2863416587.81,56.1044285842,-7.6469,149833033.71,854.75,-45.6326,14.194432097353,5.81,1.989188649916,19.6936939749,风电设备,2026-08-26,28.63,1.498,3.1574423014539685,False,5,供不应求,1,24.86,0.970059,1.5,2026-06-30,0.647,⚠️扣非不达标
1485,688307,中润光学,0.26,404185382.49,61.8494531292,14.7443,31820026.08,54.73,13.5629,7.349965404366,3.46,0.24830236427,32.1082570727,光学光电子,2026-08-28,4.04,0.318,0.9550090933461538,False,7,产品涨价、产能爬坡,2,20.23,0.21660100000000002,0.3182,2026-06-30,0.681,⚠️扣非不达标
11208,600206,有研新材,0.217,6157898140.55,50.3538965052,8.2547,183333652.78,40.89,7.694,5.150066584133,4.22,-1.122674257574,7.4200648174,半导体,2026-08-05,61.58,1.833,-5.173614090202765,False,8,供给偏紧、供需偏紧,1,16.98,1.43,1.83,2026-06-30,0.781,⚠️扣非不达标
164,688048,长光华芯,0.1721,391023878.55,82.6664389648,100.9526,30337848.85,238.04,477.2394,17.248734693714,1.0,-0.891184230074,25.0984406154,半导体,2026-08-31,3.91,0.303,-5.178293027739686,False,20,产能利用率、供给偏紧、供需偏紧、在手订单、需求旺盛,2,9.34,-0.103844,0.30337800000000004,2026-06-30,-0.342,⚠️扣非不达标
7858,002925,盈趣科技,0.45,2551669481.0,40.2068423328,24.3287,338067892.19,145.09,162.5141,6.779376932225,6.49,0.170015138173,28.4697783267,消费电子,2026-08-22,25.52,3.381,0.3778114181622222,False,4,满产,1,6.7,1.38,3.38,2026-06-30,0.408,⚠️扣非不达标
9326,688378,奥来德,0.69,461165167.69,64.1447568998,-3.8503,175808330.99,551.02,19.5202,8.032883736892,8.9,0.600595690513,56.2948063164,光学光电子,2026-08-20,4.61,1.758,0.8704285369753624,False,3,产能爬坡,1,2514.25,1.11,1.76,2026-06-30,0.631,⚠️非经常性占比高
6376,688388,嘉元科技,0.58,7512521790.22,89.5704663514,18.05,382242898.85,940.0,117.1749,12.651837854722,4.94,0.247895334428,6.2924354156,电池,2026-08-25,75.13,3.822,0.4274057490137931,False,17,供不应求、超预期、需求旺盛、高景气,3,1652.99,1.82,3.82,2026-06-30,0.476,⚠️非经常性占比高
6692,301349,信德新材,0.4976,832531130.97,63.2711143213,30.7562,70425303.17,617.62,24.9173,19.496155413026,2.55,-0.367093963037,16.0232709202,电池,2026-08-25,8.33,0.704,-0.7377290253959004,False,13,产能利用率、需求旺盛、高景气,2,1523.97,0.53799,0.704253,2026-06-30,0.764,⚠️非经常性占比高
8511,688072,拓荆科技,4.77,2912864261.46,49.060715147,61.8466,1342753980.93,1324.1,35.3222,43.7448191281,18.11,0.397208768798,41.0042896167,半导体,2026-08-21,29.13,13.428,0.0832722785740042,True,4,订单饱满,1,861.92,3.67,13.43,2026-06-30,0.273,⚠️非经常性占比高
9708,603986,兆易创新,9.83,11565760432.15,178.6722977786,76.1593,6856786413.68,1091.5,269.2417,53.129211296108,23.13,8.618944799796,63.1304509177,半导体,2026-08-19,115.66,68.568,0.876800081362767,True,13,供不应求、供给偏紧、量价齐升,2,796.9,48.83,68.57,2026-06-30,0.712,⚠️非经常性占比高
6992,001314,亿道信息,1.38,2745742798.16,80.6783470516,42.2088,195721443.26,1614.8,256.1066,15.748633975132,9.06,-5.217290989873,14.9862240657,消费电子,2026-08-25,27.46,1.957,-3.780645644835507,True,8,产品涨价、在手订单,2,756.32,1.03,1.96,2026-06-30,0.526,⚠️非经常性占比高
8538,603068,博通集成,0.33,638636909.5,70.208448928,5.65,50501645.85,162.6,111.099,11.783601154718,2.9,-0.204378504571,29.535261914,半导体,2026-08-21,6.39,0.505,-0.619328801730303,False,4,产品涨价,1,343.28,0.207326,0.505016,2026-06-30,0.411,⚠️非经常性占比高
898,003032,传智教育,0.09,260276829.1,59.6629196377,50.1359,34418058.43,577.83,2160.7255,2.985717658452,2.9,0.220252480957,59.1003465779,教育,2026-08-29,2.6,0.344,2.4472497884111113,False,5,高景气,1,334.3,0.253288,0.344181,2026-06-30,0.736,⚠️非经常性占比高
6373,688428,诺诚健华,0.14,1137057064.36,55.4558301198,15.0969,246355891.77,918.6917197551,32.8123,4.341112763785,3.2,0.046106870156,89.5390719773,化学制药,2026-08-25,11.37,2.464,0.3293347868285713,False,4,价格中枢,1,327.38,1.87,2.46,2026-06-30,0.76,⚠️非经常性占比高
11366,300671,富满微,0.41,677704332.42,77.0423367042,51.9423,90640014.56,353.41,241.699,7.567866919368,5.46,-0.473924708765,26.1260508071,半导体,2026-07-30,6.78,0.906,-1.1559139238170733,False,4,满产,1,233.76,0.665442,0.9064,2026-06-30,0.734,⚠️非经常性占比高
11065,002200,交投生态,0.1209,288487921.03,209.1562160739,10.5239,53197112.21,187.62,170.6129,2.969218370505,4.05,-0.08566381761,19.5590432863,基础建设,2026-08-08,2.88,0.532,-0.7085510141439206,False,4,在手订单,1,179.77,0.283119,0.531971,2026-06-30,0.532,⚠️非经常性占比高
11310,600110,诺德股份,0.0598,6432962337.54,113.3287576188,52.9874,102906126.6,242.07,56.6896,3.461823192857,1.77,-0.630557836444,9.159727711,电池,2026-07-31,64.33,1.029,-10.54444542548495,False,20,供给偏紧、供需偏紧、提价、订单饱满、高景气,2,159.59,0.505283,1.03,2026-06-30,0.491,⚠️非经常性占比高
3139,301369,联动科技,0.23,223494573.05,43.4545817084,38.2427,23399979.91,93.2,485.3364,15.191627447215,1.52,-0.228927340999,57.1900048693,半导体,2026-08-27,2.23,0.234,-0.9953362652130434,False,9,在手订单、高景气,1,155.19,0.185444,0.234,2026-06-30,0.792,⚠️非经常性占比高
9471,300014,亿纬锂能,1.57,45691465298.91,62.2015350628,20.9466,3301230562.92,105.66,28.2529,23.083164040306,7.24,-0.178494119176,14.3107269459,电池,2026-08-20,456.91,33.012,-0.1136905217681528,False,8,产能爬坡、供不应求,1,111.89,24.51,33.01,2026-06-30,0.743,⚠️非经常性占比高
9532,000711,京蓝科技,0.0253,444550830.15,98.0652175543,124.0081,74201518.71,213.11,597.8298,0.247198503244,11.6,-0.049002340569,18.4913055144,环境治理,2026-08-20,4.45,0.742,-1.936851405889328,False,3,产能爬坡,1,108.48,0.057003,0.742015,2026-06-30,0.077,⚠️非经常性占比高
139,688559,海目星,0.21,3073242310.03,84.6423856681,33.3714,51914998.3,107.3283714825,5.9295,9.993535726147,2.14,7.581268866335,23.1013397275,自动化设备,2026-08-31,30.73,0.519,36.10128031588096,False,9,在手订单、高景气,2,102.59,0.185918,0.51915,2026-06-30,0.358,⚠️非经常性占比高
11132,301091,深城交,0.07,621408705.13,49.6527009581,173.9509,38544455.63,510.08,272.9173,4.597000227147,1.6,-0.290579967133,33.1636144487,工程咨询服务Ⅱ,2026-08-07,6.21,0.385,-4.151142387614286,False,8,价格中枢、满产,2,71.36,-0.069367,0.385445,2026-06-30,-0.18,⚠️非经常性占比高
151,688293,奥浦迈,0.91,453690008.08,155.2432621603,49.0678,124032624.39,230.34,116.1765,22.095421987999,4.32,0.742451377826,46.0487862173,生物制品,2026-08-31,4.54,1.24,0.8158806349736264,False,4,价格中枢,1,66.87,0.493572,1.24,2026-06-30,0.398,⚠️非经常性占比高
1977,300159,新研股份,0.008,201113070.18,52.2517478072,147.3604,26235256.49,115.58,-148.3781,0.843692352142,0.96,-0.053900446915,10.5442948243,专用设备,2026-08-28,2.01,0.262,-6.7375558643749995,False,7,超预期、量价齐升,2,63.8,-0.545724,0.262353,2026-06-30,-2.08,⚠️非经常性占比高
4809,688449,联芸科技,1.13,854109397.31,40.0818953052,40.4079,519551700.5,825.54,5663.8126,5.286861846457,23.84,0.292810378674,49.8526212346,半导体,2026-08-26,8.54,5.196,0.2591242289150443,False,5,高景气,1,61.07,0.5652520000000001,5.2,2026-06-30,0.109,⚠️非经常性占比高
1518,688052,纳芯微,0.42,2540419186.83,66.7308466825,22.577,67591800.42,186.6450606843,389.1392,47.610679288021,0.88,-4.368879788437,32.0897181448,半导体,2026-08-28,25.4,0.676,-10.40209473437381,False,5,高景气,1,54.67,-0.47888800000000004,0.675918,2026-06-30,-0.709,⚠️非经常性占比高
6977,002074,国轩高科,0.76,27775546292.11,43.2206432636,37.2338,1386048497.18,278.05,6371.0674,16.606946690868,4.68,0.235852046221,15.6032862472,电池,2026-08-25,277.76,13.86,0.3103316397644737,False,7,满产、超预期,2,46.71,1.07,13.86,2026-06-30,0.077,⚠️非经常性占比高
2072,002466,天齐锂业,2.51,12242243203.99,153.3219939466,38.7311,4242020000.77,4925.46,26.1171,28.203674636205,9.24,1.291176455321,64.3882879099,能源金属,2026-08-28,122.42,42.42,0.5144129304067729,True,7,产能爬坡、量价齐升,2,318054.9,42.0,42.42,2026-06-30,0.99,✅真主营增长
10945,301308,江波龙,25.2,24088363284.95,136.2610583659,43.1025,10576875808.95,71528.66,73.8537,43.924176013626,79.03,-7.449114578338,58.9022844185,半导体,2026-08-11,240.88,105.769,-0.2955997848546826,True,14,供不应求、量价齐升、高景气,3,31096.33,100.47,105.77,2026-06-30,0.95,✅真主营增长
6949,002297,博云新材,0.297,745025137.77,88.3314097206,-4.0237,170216370.59,1911.6,-71.3475,4.008962041026,7.69,-0.07597019562,44.4012710068,航空装备Ⅱ,2026-08-25,7.45,1.702,-0.2557919044444444,True,5,高景气,1,19369.88,1.62,1.7,2026-06-30,0.953,✅真主营增长
2133,001309,德明利,26.76,16910558920.73,311.5455913213,24.3268,6017114995.48,5201.6,-20.1799,43.103320797086,95.11,-29.692284424241,47.1244497902,半导体,2026-08-28,169.11,60.171,-1.109577145898393,True,26,产品涨价、产能利用率、供不应求、供给偏紧、供需偏紧、高景气,2,4975.97,59.66,60.17,2026-06-30,0.992,✅真主营增长
923,002842,翔鹭钨业,1.47,2633272274.03,182.8509858326,29.3646,482090971.0,2522.4,-7.5575,5.038118568747,33.24,-1.565544007129,32.0047925804,小金属,2026-08-29,26.33,4.821,-1.064995923217007,True,13,供不应求、供给偏紧、供需偏紧,1,4855.41,4.69,4.82,2026-06-30,0.973,✅真主营增长
9493,002491,通鼎互联,0.1647,2457536233.34,61.4560293732,31.055,202537933.47,326.04,195.0107,2.172370632161,7.88,0.116317122792,27.8234609241,通信设备,2026-08-20,24.58,2.025,0.7062363253916211,False,4,量价齐升,1,3856.18,2.68,2.03,2026-06-30,1.32,✅真主营增长
331,688825,长鑫科技,1.2893,150310076758.0,873.6417332025,95.8851,77605227520.0,3427.7569143657,113.4041,2.238170510872,81.06,2.178926243106,84.7418874692,半导体,2026-08-29,1503.1,776.052,1.690007169088653,True,5,供不应求,1,3401.56,787.93,776.05,2026-06-30,1.015,✅真主营增长
9539,000520,凤凰航运,0.0295,672590221.07,95.6994130971,76.121,29889930.35,2329.69,705.2158,0.441815063255,6.91,0.029377052696,6.9550446386,航运港口,2026-08-20,6.73,0.299,0.9958322947796612,True,8,供给偏紧、供需偏紧,1,3200.73,0.276909,0.29889899999999997,2026-06-30,0.926,✅真主营增长
1849,301150,中一科技,0.51,3938836814.78,47.1518076178,19.1604,166601252.33,987.97,35.1785,11.483252961881,4.53,-0.284721423929,7.6827233247,电池,2026-08-28,39.39,1.666,-0.5582773018215687,False,8,超预期、高景气,2,3002.58,1.47,1.67,2026-06-30,0.88,✅真主营增长
9697,688766,普冉股份,5.58,3959291997.88,336.6701829247,73.6624,826745893.31,1929.65,129.2339,22.478140532997,28.73,6.351654252135,51.1492760833,半导体,2026-08-19,39.59,8.267,1.1382892924973118,True,33,产品涨价、供不应求、供给偏紧、供需偏紧、在手订单、提价、需求旺盛、高景气,2,2994.08,8.25,8.27,2026-06-30,0.998,✅真主营增长
6369,688525,佰维存储,15.28,15574943371.35,298.0982138029,28.5642,7165580281.51,3273.4822888579,47.1764,26.932081103228,78.69,-13.277384824639,54.8116105058,半导体,2026-08-25,155.75,71.656,-0.8689387974240184,True,8,产能爬坡、高景气,2,2962.97,66.33,71.66,2026-06-30,0.926,✅真主营增长
6471,603268,松发股份,3.72,23504457854.74,251.874251691,64.4416,3608650181.02,457.67,130.0203,13.453155403237,32.06,8.765251921756,23.6588177372,航海装备Ⅱ,2026-08-25,235.04,36.087,2.356250516601075,False,37,供不应求、供给偏紧、供需偏紧、在手订单、订单饱满、超预期、量价齐升、需求旺盛、高景气,4,2935.31,35.14,36.09,2026-06-30,0.974,✅真主营增长
498,603045,福达合金,2.2887,4399304106.44,96.3546416783,26.5003,309998351.66,1146.56,-28.791,10.052334558737,25.28,-4.878361510679,14.6127609221,金属新材料,2026-08-29,43.99,3.1,-2.131498890496352,True,13,产品涨价、需求旺盛、高景气,3,2891.06,3.04,3.1,2026-06-30,0.981,✅真主营增长
1938,300475,香农芯创,7.82,60204416155.57,251.5961898232,53.3369,3641509573.03,2207.2,74.3308,15.204558556385,68.13,12.206199305758,11.6079405586,其他电子Ⅱ,2026-08-28,602.04,36.415,1.5608950518872122,True,5,高景气,1,2163.51,35.31,36.42,2026-06-30,0.97,✅真主营增长
1917,300613,富瀚微,1.52,1463157174.3,112.655090463,61.7191,349770671.07,1419.2,211.1253,13.63390817571,11.3,-0.37222762889,45.2767064609,半导体,2026-08-28,14.63,3.498,-0.2448865979539473,True,4,量价齐升,1,2094.6,3.35,3.5,2026-06-30,0.957,✅真主营增长
779,300672,国科微,0.9016,1377572394.55,85.8116429823,17.5272,195749422.82,872.78,156.2944,18.473877115907,5.02,3.238642315611,40.6092596377,半导体,2026-08-29,13.78,1.957,3.592105496462955,False,5,高景气,1,1917.55,1.75,1.96,2026-06-30,0.893,✅真主营增长
7763,301511,德福科技,0.4191,9196561806.87,73.5399231986,12.0072,263458191.26,580.66,-21.0529,6.704924213434,6.31,-0.972301741903,9.1224974836,电池,2026-08-22,91.97,2.635,-2.3199755235099024,False,13,产能利用率、供不应求、需求旺盛,3,1916.9,2.36,2.63,2026-06-30,0.897,✅真主营增长
7693,601869,长飞光纤,3.56,9808962180.0,53.637732146,65.4399,2924540887.0,888.88,390.6592,19.765986121926,19.22,2.205710646491,53.3612070059,通信设备,2026-08-22,98.09,29.245,0.6195816422727528,False,4,订单饱满,1,1680.48,24.49,29.25,2026-06-30,0.837,✅真主营增长
5423,002497,雅化集团,1.0634,6708819668.64,96.0196275236,37.0425,1215825634.91,795.48,158.8398,10.559598446538,10.73,-0.358466823283,31.696957063,化学制品,2026-08-26,67.09,12.158,-0.3370950002661275,False,8,供给偏紧、供需偏紧,1,1536.48,12.33,12.16,2026-06-30,1.014,✅真主营增长
1959,300302,同有科技,0.5379,260760748.47,50.1224797904,14.2556,257794222.26,1502.54,95.7006,2.681936863401,22.42,-0.200297662458,49.1009842092,计算机设备,2026-08-28,2.61,2.578,-0.3723697015393195,True,29,产能利用率、价格中枢、供不应求、供给偏紧、供需偏紧、量价齐升、需求旺盛,4,1462.62,2.56,2.58,2026-06-30,0.992,✅真主营增长
10235,002192,融捷股份,3.8574,1524205167.81,402.3507799318,205.1657,1001599511.84,1076.14,160.3236,17.513379768939,24.58,1.702953500223,76.3610647268,能源金属,2026-08-18,15.24,10.016,0.4414770312186965,True,3,产能爬坡,1,1264.95,10.04,10.02,2026-06-30,1.002,✅真主营增长
10204,300390,天华新能,2.76,7780065437.36,125.0015560468,43.1156,2292289086.36,2622.89,36.5852,16.519305096007,18.34,0.214730902464,43.4926349114,电池,2026-08-18,77.8,22.923,0.0778010516173913,True,4,需求旺盛,1,1231.32,22.67,22.92,2026-06-30,0.989,✅真主营增长
8712,002709,天赐材料,1.41,14709500811.92,109.2767908568,20.4174,2860942286.52,967.91,-27.0712,9.949974480802,15.0,0.194859968392,33.5497255866,电池,2026-08-21,147.1,28.609,0.1381985591432624,False,8,产能利用率、需求旺盛,1,1096.69,28.07,28.61,2026-06-30,0.981,✅真主营增长
913,002975,博杰股份,0.83,1121662766.29,66.8401805729,39.8855,171014100.87,746.94,59.4946,11.869385803498,7.19,0.475722572134,49.3459165415,自动化设备,2026-08-29,11.22,1.71,0.5731597254626506,False,26,产能利用率、供不应求、在手订单、量价齐升、需求旺盛、高景气,4,1074.51,1.68,1.71,2026-06-30,0.982,✅真主营增长
366,688498,源杰科技,4.89,925150462.56,351.4010703617,60.4015,607072892.98,1212.2,138.3115,25.234389075946,22.1,3.917049146044,80.4246767203,半导体,2026-08-29,9.25,6.071,0.801032545203272,True,6,产能爬坡、超预期,1,1033.7,5.14,6.07,2026-06-30,0.847,✅真主营增长
5441,002326,永太科技,0.296,3746224420.1,43.571159474,21.3106,273853465.42,365.74,61.6496,3.197662844254,9.75,0.625668561014,25.0072345566,化学制品,2026-08-26,37.46,2.739,2.113745138560811,False,3,提价,1,1005.94,2.49,2.74,2026-06-30,0.909,✅真主营增长
6887,002812,恩捷股份,0.8352,8671187982.67,50.4661972629,21.9006,820321427.54,980.99,115.134,26.524770613799,3.15,1.182715148707,29.893036091,电池,2026-08-25,86.71,8.203,1.416086145482519,False,4,需求旺盛,1,998.29,8.49,8.2,2026-06-30,1.035,✅真主营增长
671,301487,盟固利,0.0651,1570512517.35,54.2884174418,-5.0831,29918448.69,686.93,-49.393,4.185671719426,1.56,0.005021454063,9.9648159891,电池,2026-08-29,15.71,0.299,0.0771344710138248,False,13,产品涨价、产能利用率、供不应求,2,963.24,0.27670300000000003,0.299184,2026-06-30,0.925,✅真主营增长
2050,002636,金安国纪,1.05,3398506484.53,65.7430637284,69.7718,765886985.22,986.66,179.452,5.889161362349,19.39,0.493405911374,33.1371312595,元件,2026-08-28,33.99,7.659,0.4699103917847618,False,9,供不应求、订单饱满,2,955.34,7.7,7.66,2026-06-30,1.005,✅真主营增长
10871,300107,建新股份,0.0851,360266544.82,51.4233572136,36.9838,47870064.02,790.27,528.1059,2.699755736565,3.2,0.045084544259,23.9691416096,化学制品,2026-08-12,3.6,0.479,0.5297831287779083,False,12,产能利用率、供需偏紧、量价齐升,2,940.46,0.47505,0.47870100000000004,2026-06-30,0.992,✅真主营增长
3150,301292,海科新源,1.86,3358646332.39,45.00473462,22.5697,414635348.47,1068.08,5.9252,13.908963316172,14.49,-0.445668480845,20.9131389118,电池,2026-08-27,33.59,4.146,-0.2396067101317204,True,8,供不应求、超预期,2,923.5,4.1,4.15,2026-06-30,0.988,✅真主营增长
4955,603026,石大胜华,1.93,4784572855.77,58.9101314344,14.5084,449726109.25,898.2674509701,-40.3003,23.237737302382,8.74,-5.308637822438,19.591803035,电池,2026-08-26,47.85,4.497,-2.7505895453046634,False,12,产品涨价、供给偏紧、供需偏紧,1,893.91,4.54,4.5,2026-06-30,1.009,✅真主营增长
2827,603991,领先股份,1.18,1999798149.33,1819.6292068841,23.2418,180165397.7,895.5013124906,153.5181,23.725240418111,5.02,0.451442225449,20.1671221796,半导体,2026-08-27,20.0,1.802,0.3825781571601695,False,7,在手订单、超预期,1,875.3,1.82,1.8,2026-06-30,1.011,✅真主营增长
9452,301358,湖南裕能,3.62,34877330172.01,142.915947481,33.0524,2909817706.47,853.51,14.5792,24.034836368716,17.39,-2.079666752094,14.8604117606,电池,2026-08-20,348.77,29.098,-0.5744935779265193,False,9,供不应求、需求旺盛,2,854.2,29.58,29.1,2026-06-30,1.016,✅真主营增长
1453,688577,浙海德曼,0.3,528393891.59,45.8896455055,52.3686,46717213.76,479.25,82.019,6.561928866135,4.5,0.420738906624,28.2904736351,通用设备,2026-08-28,5.28,0.467,1.40246302208,False,14,产能爬坡、在手订单、超预期、需求旺盛,4,832.36,0.403555,0.46717200000000003,2026-06-30,0.864,✅真主营增长
8806,000042,中洲控股,1.4872,4501009816.3,168.3505063497,1076.9993,988704532.47,421.76,1692.9021,4.995674922772,34.97,0.59761730813,67.9295321458,房地产开发,2026-08-21,45.01,9.887,0.4018405783552985,False,8,供给偏紧、供需偏紧,1,822.59,10.56,9.89,2026-06-30,1.068,✅真主营增长
11134,300283,温州宏丰,0.19,2986232002.24,92.1988266684,8.9058,92346186.36,2521.9,-35.9612,2.414355196735,7.95,-0.145300611442,12.0056541237,电网设备,2026-08-07,29.86,0.923,-0.7647400602210526,True,4,供给偏紧,1,782.25,0.889639,0.9234620000000001,2026-06-30,0.963,✅真主营增长
6390,688203,海正生材,0.1,606327069.81,48.5336515053,26.6124,20922037.17,557.61,1800.353,7.375259764614,1.41,0.130230906829,13.1304460157,塑料,2026-08-25,6.06,0.209,1.3023090682899998,False,3,产能爬坡,1,771.86,0.204548,0.20922,2026-06-30,0.978,✅真主营增长
360,688530,欧莱新材,0.43,507586075.19,133.4343375652,-15.9662,69433821.01,1097.7825601388,-29.3374,5.472519444115,8.25,0.336763651725,25.5185137992,半导体,2026-08-29,5.08,0.694,0.7831712830813954,True,12,提价、量价齐升、高景气,3,741.61,0.700825,0.694338,2026-06-30,1.009,✅真主营增长
10870,300497,富祥股份,0.33,888252249.7,72.5853930926,48.2807,176943420.63,2660.26,89.1445,4.388601372801,7.78,0.128999092106,39.199639762,化学制药,2026-08-12,8.88,1.769,0.3909063397151515,True,13,量价齐升、需求旺盛、高景气,2,644.83,1.75,1.77,2026-06-30,0.989,✅真主营增长
3124,301536,星宸科技,2.05,2657812730.55,89.4320468794,67.4427,862919114.88,619.5,191.854,9.203976446054,25.35,0.878385572779,55.3621598071,半导体,2026-08-27,26.58,8.629,0.4284807672092683,False,5,高景气,1,644.14,7.12,8.63,2026-06-30,0.825,✅真主营增长
853,300223,君正股份,2.4808,3957263444.21,75.9477862057,53.7086,1197563640.28,489.59,175.4361,28.121508960531,9.18,1.982684046931,51.7494396317,半导体,2026-08-29,39.57,11.976,0.7992115635806999,False,8,产品涨价、需求旺盛,1,624.75,11.66,11.98,2026-06-30,0.973,✅真主营增长
9324,688536,思瑞浦,2.25,1605824436.86,69.1856086309,28.6508,307757831.93,368.52,91.9889,47.95350082947,4.81,2.572696150337,49.0039019153,半导体,2026-08-20,16.06,3.078,1.1434205112608888,False,4,在手订单,1,617.36,2.7,3.08,2026-06-30,0.877,✅真主营增长
7634,688110,东芯股份,1.5,1496960025.64,336.4421035888,112.3067,659258684.09,694.0953379562,276.7408,9.395847712389,17.36,1.294119313005,67.6610727409,半导体,2026-08-22,14.97,6.593,0.86274620867,False,32,供不应求、供给偏紧、供需偏紧、提价、超预期、量价齐升、需求旺盛、高景气,5,602.2,6.36,6.59,2026-06-30,0.965,✅真主营增长
11059,300042,朗科科技,0.4744,966250486.5,101.7597377368,-1.2426,95079679.04,632.43,-83.896,5.646713083583,8.69,0.054707303543,19.9921031626,计算机设备,2026-08-08,9.66,0.951,0.1153189366420742,False,9,产品涨价、供不应求,1,595.42,0.969191,0.9507969999999999,2026-06-30,1.019,✅真主营增长
1435,688796,百奥赛图,0.54,941388593.84,51.6013388674,17.3826,241094391.65,402.29,31.7447,5.418756102047,10.49,0.585278608034,79.2966453083,医疗服务,2026-08-28,9.41,2.411,1.083849274137037,False,5,高景气,1,591.53,1.97,2.41,2026-06-30,0.817,✅真主营增长
6941,002378,章源钨业,0.57,5847130133.16,143.711059147,22.2754,687622931.05,497.38,-19.6696,2.400643061977,25.61,-0.170409757834,25.1734560831,小金属,2026-08-25,58.47,6.876,-0.2989644874280702,False,12,供给偏紧、供需偏紧、量价齐升,2,538.02,6.82,6.88,2026-06-30,0.991,✅真主营增长
3001,600540,新赛股份,0.2152,2570847158.51,77.1503537672,-20.656,125109148.69,1819.68,99.172,0.805156732957,30.8496,4.163063096859,8.6905465446,种植业,2026-08-27,25.71,1.251,19.34508874005111,True,12,价格中枢、供给偏紧、供需偏紧,1,531.33,1.47,1.25,2026-06-30,1.176,✅真主营增长
6714,301099,雅创电子,1.33,6225657278.1,118.678857604,80.8446,243168737.56,495.76,155.389,10.757525953311,16.3,-7.922226037844,12.2969868478,其他电子Ⅱ,2026-08-25,62.26,2.432,-5.956560930709775,False,8,供给偏紧、供需偏紧,1,524.54,2.33,2.43,2026-06-30,0.959,✅真主营增长
968,002460,赣锋锂业,2.04,23096945425.05,175.7483215518,51.1586,4257164842.1,901.36,31.7108,22.987955183115,9.09,0.63349527922,31.5088634155,能源金属,2026-08-29,230.97,42.572,0.3105369015784314,False,20,产能爬坡、供不应求、供给偏紧、供需偏紧、需求旺盛,2,521.56,38.48,42.57,2026-06-30,0.904,✅真主营增长
4827,688257,新锐股份,1.6073,2057232334.56,80.3947563439,-15.9439,565140212.86,460.51,-19.0413,8.078589651845,21.51,0.24312898221,49.1420313319,通用设备,2026-08-26,20.57,5.651,0.1512654651962919,False,17,产品涨价、量价齐升、需求旺盛、高景气,2,520.47,5.83,5.65,2026-06-30,1.032,✅真主营增长
6377,688368,晶丰明源,0.51,1452269396.8,98.5363748903,38.6351,86547074.71,449.09,35.4424,24.669573035819,3.05,0.287095964646,37.203395023,半导体,2026-08-25,14.52,0.865,0.5629332640117647,False,8,产品涨价、量价齐升,1,516.47,0.774523,0.8654709999999999,2026-06-30,0.895,✅真主营增长
11433,603162,海通发展,0.39,3470556268.14,92.7753444935,58.352,523456757.05,502.6,48.7955,3.542972098194,11.16,0.52480182726,19.6142461216,航运港口,2026-07-21,34.71,5.235,1.3456457109230768,False,8,价格中枢、需求旺盛,2,507.25,5.21,5.23,2026-06-30,0.996,✅真主营增长
729,300975,商络电子,0.7364,8721853884.43,121.5592594075,29.9203,503267644.83,493.25,-3.8909,4.125416765625,19.03,-2.122176035801,15.2079228121,元件,2026-08-29,87.22,5.033,-2.881825143673275,False,12,产品涨价、供给偏紧、供需偏紧,1,501.29,5.01,5.03,2026-06-30,0.996,✅真主营增长
3394,002134,天津普林,0.18,943880095.38,43.4659224935,22.724,44361546.39,560.06,182.7103,2.286499371901,8.55,0.193539516589,19.2678433267,元件,2026-08-27,9.44,0.444,1.0752195366055557,False,8,供需偏紧、在手订单,2,483.43,0.413997,0.443615,2026-06-30,0.933,✅真主营增长
362,688519,南亚新材,2.02,4223655477.69,83.2344446153,30.5286,461065617.47,428.8,107.1055,13.920134021391,15.24,-0.10050293757,18.8654089811,元件,2026-08-29,42.24,4.611,-0.049753929490099,False,18,供不应求、满产、量价齐升、高景气,3,457.77,4.53,4.61,2026-06-30,0.983,✅真主营增长
3302,002986,宇新股份,0.2906,5672713252.29,64.6971153964,55.3615,108917006.95,400.64,382.4653,10.466999510304,2.79,0.704251665294,8.5649374575,炼化及贸易,2026-08-27,56.73,1.089,2.4234400044528557,False,4,满产,1,442.8,1.03,1.09,2026-06-30,0.945,✅真主营增长
8761,002008,大族激光,1.25,13412802390.25,76.1864078,61.2091,1287969666.61,163.84,163.7639,20.84431169109,6.28,-0.663247488969,34.9445902574,自动化设备,2026-08-21,134.13,12.88,-0.5305979911752,False,4,在手订单,1,439.62,14.09,12.88,2026-06-30,1.094,✅真主营增长
9328,688353,华盛锂电,1.44,792459942.58,126.512398032,42.3355,222863455.56,451.483715654,29.7158,22.889240758495,6.14,-0.278025090596,52.5522782558,电池,2026-08-20,7.92,2.229,-0.1930729795805555,False,4,供需偏紧,1,437.39,2.65,2.23,2026-06-30,1.188,✅真主营增长
2839,603906,龙蟠科技,0.59,7198435910.75,98.7485952091,5.8567,420500326.38,593.8150342423,-3.7445,6.549520108246,11.56,-3.161292344335,20.0563539054,电池,2026-08-27,71.98,4.205,-5.358122617516949,False,4,订单饱满,1,421.04,4.23,4.21,2026-06-30,1.005,✅真主营增长
3340,002653,海思科,0.7601,3095595953.82,54.7144719025,-2.0701,851228456.58,426.98,-46.5177,4.300191499901,18.3,0.679176502008,80.2428883555,化学制药,2026-08-27,30.96,8.512,0.8935357216261017,False,4,价格中枢,1,420.1,7.52,8.51,2026-06-30,0.884,✅真主营增长
203,603186,华正新材,1.14,2959904829.48,41.2788891917,39.806,172929981.95,305.28,359.2645,15.711469977795,7.86,2.404297115722,15.9287171721,元件,2026-08-31,29.6,1.729,2.1090325576508775,False,29,产能利用率、供不应求、供需偏紧、在手订单、提价、需求旺盛、高景气,2,385.11,1.67,1.73,2026-06-30,0.965,✅真主营增长
5240,300890,翔丰华,0.4271,1095471847.19,59.3201900236,4.1583,50910129.4,1828.15,17.223,18.146115462434,2.23,0.4750416461,18.6925604072,电池,2026-08-26,10.95,0.509,1.112249229922735,True,21,产能利用率、供给偏紧、订单饱满、需求旺盛、高景气,3,379.42,0.41346400000000005,0.509101,2026-06-30,0.812,✅真主营增长
2135,001298,好上好,0.3387,7385942338.35,90.1799162677,34.1973,145309599.32,332.32,46.1319,4.034173435258,8.57,-3.445089309762,5.2794238274,其他电子Ⅱ,2026-08-28,73.86,1.453,-10.17150667186891,False,5,高景气,1,369.18,1.51,1.45,2026-06-30,1.041,✅真主营增长
421,605289,罗曼股份,0.47,943046270.46,118.1100635468,45.0305,71974705.53,444.1,-45.3133,8.964233319005,5.34,3.175053473254,23.8719683945,专业工程,2026-08-29,9.43,0.72,6.755432921817022,False,4,需求旺盛,1,359.63,0.609106,0.719747,2026-06-30,0.846,✅真主营增长
9450,301377,鼎泰高科,1.66,1942851207.14,114.8532705135,38.6454,679131331.85,325.12,60.6279,7.591405318093,23.27,-0.110535461848,55.9236303489,通用设备,2026-08-20,19.43,6.791,-0.0665876276192771,False,12,产能爬坡、需求旺盛、高景气,2,353.28,6.7,6.79,2026-06-30,0.987,✅真主营增长
10614,603256,宏和科技,0.42,1047839470.58,90.3889432493,37.0139,379486597.65,334.32,70.6158,3.26041435496,15.28,0.307898304611,59.343007344,玻璃玻纤,2026-08-14,10.48,3.795,0.7330912014547619,False,7,供需偏紧、超预期,2,350.88,3.73,3.79,2026-06-30,0.984,✅真主营增长
1888,300857,协创数据,3.8,12522564910.65,153.2889305482,5.8107,1838423990.17,325.51,45.0067,12.38679293757,34.31,3.729134221313,25.1496776886,消费电子,2026-08-28,125.23,18.384,0.981351110871842,False,17,供不应求、供给偏紧、供需偏紧、需求旺盛,2,339.91,18.46,18.38,2026-06-30,1.004,✅真主营增长
11441,001339,智微智能,1.19,3049593179.64,56.6420641839,34.0337,388460769.92,281.92,155.9367,8.287375355582,15.58,2.950427831278,39.5226032694,计算机设备,2026-07-18,30.5,3.885,2.4793511187210084,False,5,高景气,1,324.6,3.72,3.88,2026-06-30,0.959,✅真主营增长
7584,000657,中钨高新,0.9112,16384925470.67,108.5138971279,33.8421,2076226297.96,280.53,25.4096,4.950337982052,19.29,-0.55085668715,30.3812154395,小金属,2026-08-24,163.85,20.762,-0.604539823474539,False,5,供不应求,1,324.17,20.53,20.76,2026-06-30,0.989,✅真主营增长
8637,301210,金杨精密,0.33,1176728536.78,59.5724299589,17.3499,53494150.31,177.7,10.0448,11.779751871896,2.78,-0.030274361753,14.0186653237,电池,2026-08-21,11.77,0.535,-0.091740490160606,False,18,产能利用率、供不应求、需求旺盛、高景气,2,295.35,0.538215,0.534942,2026-06-30,1.006,✅真主营增长
7890,002384,东山精密,1.62,27797683972.88,63.9481879305,11.5882,2956898811.04,290.09,66.413,13.303496414908,12.88,1.301527338391,20.1513507952,元件,2026-08-22,277.98,29.569,0.803411937278395,False,3,产能爬坡,1,277.52,24.8,29.57,2026-06-30,0.839,✅真主营增长
196,603399,永杉锂业,0.39,4366567056.79,82.5820580695,9.7375,197793946.03,237.2906984973,-50.7472,3.310867520617,12.49,-0.542161790542,12.3348230494,能源金属,2026-08-31,43.67,1.978,-1.3901584372871794,False,23,产能利用率、产能爬坡、价格中枢、供给偏紧、供需偏紧、量价齐升,3,277.27,2.9,1.98,2026-06-30,1.465,✅真主营增长
10108,688002,睿创微纳,2.72,4396621717.39,72.8372056798,26.0639,1259361594.5,258.78,63.0563,16.857268336089,17.01,3.053877447041,57.7585549231,军工电子Ⅱ,2026-08-18,43.97,12.594,1.1227490614121325,False,12,产能爬坡、在手订单、高景气,2,275.38,12.33,12.59,2026-06-30,0.979,✅真主营增长
211,601872,招商轮船,0.86,19651214045.35,56.1524780529,29.6772,6959500459.03,227.57,51.8443,5.800660488392,15.61,1.006940531526,44.9779229906,航运港口,2026-08-31,196.51,69.595,1.1708610831697674,False,17,供给偏紧、供需偏紧、在手订单、高景气,3,262.36,69.07,69.6,2026-06-30,0.992,✅真主营增长
6391,688202,美迪西,0.39,761474155.85,40.9074656653,8.8265,51602435.5,500.0698589793,130.4596,14.906554628394,2.63,1.003298163951,31.5971129646,医疗服务,2026-08-25,7.61,0.516,2.5725593947461536,False,4,价格中枢,1,260.97,0.43026800000000004,0.5160239999999999,2026-06-30,0.834,✅真主营增长
6911,002606,大连电瓷,0.36,863560967.18,48.5868142044,5.4068,154730741.92,232.18,60.0301,4.664955974951,7.8,0.203995654506,38.6919501806,电网设备,2026-08-25,8.64,1.547,0.56665459585,False,4,量价齐升,1,258.01,1.46,1.55,2026-06-30,0.942,✅真主营增长
7686,603002,宏昌电子,0.03,2186071092.95,64.8305374072,20.9569,39391548.37,141.15,8207.4475,3.066438396577,1.13,0.047406999466,9.3783747203,电子化学品Ⅱ,2026-08-22,21.86,0.394,1.5802333155333337,False,7,产能利用率、产能爬坡,1,257.47,0.5179159999999999,0.393915,2026-06-30,1.315,✅真主营增长
6958,002240,盛新锂能,1.11,7358408539.74,355.9381524483,24.0652,1011791867.33,220.3,18.0418,12.325385056167,9.38,-0.274163600049,31.7537582495,能源金属,2026-08-25,73.58,10.118,-0.2469942342783783,False,8,价格中枢、量价齐升,2,248.96,13.32,10.12,2026-06-30,1.316,✅真主营增长
776,300681,英搏尔,0.38,2423725373.34,77.0627441095,22.9165,117618651.84,216.75,7.2802,10.208814925464,3.8,1.036521326045,15.4982844316,汽车零部件,2026-08-29,24.24,1.176,2.727687700118421,False,5,高景气,1,241.8,1.15,1.18,2026-06-30,0.975,✅真主营增长
6717,301086,鸿富瀚,0.58,588882970.89,65.689935667,8.759,73103568.07,221.59,-11.7356,15.675096573053,3.69,-5.658999976244,35.9915523062,消费电子,2026-08-25,5.89,0.731,-9.756896510765518,False,8,超预期、高景气,2,232.54,0.695209,0.731036,2026-06-30,0.951,✅真主营增长
11033,300184,力源信息,0.2585,6432185722.64,59.4583037337,26.8632,297519061.1,209.5,16.6584,4.062227837705,6.9,0.088300841288,10.3542773948,其他电子Ⅱ,2026-08-10,64.32,2.975,0.341589328,False,5,高景气,1,229.39,3.0,2.98,2026-06-30,1.007,✅真主营增长
7823,300308,中际旭创,12.31,41777861795.03,182.4913813287,14.285,13651149693.27,241.7,38.0529,35.740605779103,37.62,1.613718553798,46.2521843492,通信设备,2026-08-22,417.78,136.511,0.1310900531111291,False,4,需求旺盛,1,229.32,130.92,136.51,2026-06-30,0.959,✅真主营增长
9757,301563,云汉芯城,1.96,2745619251.15,90.6619549459,38.9976,165908329.46,207.69,121.3699,15.890528736673,12.79,-4.412394360048,16.7862040061,其他电子Ⅱ,2026-08-19,27.46,1.659,-2.251221612269388,False,8,供给偏紧、供需偏紧,1,219.23,1.61,1.66,2026-06-30,0.97,✅真主营增长
5199,301176,逸豪新材,0.1299,1264444524.23,69.077635104,16.5397,21501957.89,242.19,28.9666,8.868431065421,1.44,-1.70100002486,6.614936963,元件,2026-08-26,12.64,0.215,-13.09468841308699,False,3,超预期,1,216.64,0.199681,0.21502,2026-06-30,0.929,✅真主营增长
1921,300590,移为通信,0.19,603684218.08,67.7036603151,-6.7987,88233871.47,184.44,-30.0905,4.090919619037,4.7,-0.090756514384,40.2140988847,通信设备,2026-08-28,6.04,0.882,-0.4776658651789473,False,8,产能爬坡、高景气,2,216.27,0.791718,0.882339,2026-06-30,0.897,✅真主营增长
10197,300620,光库科技,0.5955,1031662205.86,72.9098394423,41.9099,148395975.24,186.09,131.7119,9.059397596269,6.65,-0.647789719498,38.7732870089,通信设备,2026-08-18,10.32,1.484,-1.087808093195634,False,7,产品涨价、产能爬坡,2,216.26,1.31,1.48,2026-06-30,0.885,✅真主营增长
1902,300769,德方纳米,1.63,10399817836.18,167.9240002831,39.8211,455448105.69,216.55,-28.0978,19.330356302444,8.75,-4.409564591071,11.3347015567,电池,2026-08-28,104.0,4.554,-2.7052543503503066,False,11,产能爬坡、超预期、高景气,3,206.34,4.56,4.55,2026-06-30,1.002,✅真主营增长
11301,603929,亚翔集成,2.3,2547729187.94,51.3555104102,25.3754,490416194.97,204.8,-2.2134,11.190829495079,20.91,-0.613837782387,24.2492882778,专业工程,2026-07-31,25.48,4.904,-0.2668859923421739,False,9,在手订单、高景气,1,205.75,4.9,4.9,2026-06-30,1.0,✅真主营增长
7577,000833,粤桂股份,0.8263,2342706476.62,72.365613943,39.7501,662784006.79,182.76,107.3015,5.559418309323,15.79,-0.040748478391,43.5404554126,综合Ⅱ,2026-08-24,23.43,6.628,-0.0493143874996974,False,7,产能利用率、提价,2,184.67,6.61,6.63,2026-06-30,0.997,✅真主营增长
1447,688620,安凯微,0.1,435794448.24,85.9928782339,90.9197,40266706.85,181.7586068118,405.1278,3.348720180536,3.08,0.059174557041,39.6358805941,半导体,2026-08-28,4.36,0.403,0.59174557041,False,12,产品涨价、量价齐升、需求旺盛,2,180.79,0.398525,0.402667,2026-06-30,0.99,✅真主营增长
8508,688127,蓝特光学,0.67,1012452775.31,75.5007893474,24.3063,272068137.89,163.21,10.0125,5.883239749351,11.75,0.963897754952,44.1381214717,光学光电子,2026-08-21,10.12,2.721,1.4386533656,False,3,产能爬坡,1,171.98,2.67,2.72,2026-06-30,0.982,✅真主营增长
374,688372,伟测科技,1.01,1071859786.42,68.9957183803,18.7578,159311093.39,57.61,24.8315,25.152938005446,4.41,3.257145933739,33.590206029,半导体,2026-08-29,10.72,1.593,3.22489696409802,False,16,产能利用率、产能爬坡、供不应求、需求旺盛,2,171.33,1.46,1.59,2026-06-30,0.918,✅真主营增长
10144,600366,宁波韵升,0.2547,3336660661.1,42.0220388493,22.6846,274095385.26,154.18,35.2088,5.841380673605,4.29,0.1865506614,20.7774458297,金属新材料,2026-08-18,33.37,2.741,0.7324329069493523,False,9,供不应求、供给偏紧,1,168.46,2.38,2.74,2026-06-30,0.869,✅真主营增长
10210,003022,联泓新科,0.32,5365694741.02,84.3071289737,38.9286,426865507.23,165.68,94.9573,5.841687167385,5.59,0.47628068645,23.8666692814,光伏设备,2026-08-18,53.66,4.269,1.48837714515625,False,4,产能利用率,1,165.95,4.25,4.27,2026-06-30,0.995,✅真主营增长
782,300661,圣邦股份,0.6775,2595425649.9,42.7014387998,36.3494,420315413.23,109.28,139.8058,14.439008100149,7.61,0.564121575109,51.8393937396,半导体,2026-08-29,25.95,4.203,0.8326517713785977,False,8,供不应求、提价,1,164.56,3.56,4.2,2026-06-30,0.848,✅真主营增长
5500,000792,盐湖股份,1.1657,13052166200.79,79.8792665747,2.9269,6168537120.45,137.88,3.8061,9.024047558595,13.34,1.187208691905,71.3850667913,农化制品,2026-08-26,130.52,61.685,1.0184513098610275,False,12,价格中枢、供给偏紧、供需偏紧,1,139.14,60.01,61.69,2026-06-30,0.973,✅真主营增长
1795,301607,富特科技,0.7,2444719792.0,65.8079973551,32.881,157828268.04,135.76,5.0924,8.094587625425,10.64,0.554760221459,18.1219569016,汽车零部件,2026-08-28,24.45,1.578,0.7925146020842857,False,8,产品涨价、满产,2,139.14,1.52,1.58,2026-06-30,0.962,✅真主营增长
10932,688148,芳源股份,0.09,1465586673.53,62.8729301676,20.245,45112035.28,130.3102534809,-126.5842,0.723568854782,8.85,0.073878919924,11.1420580747,电池,2026-08-11,14.66,0.451,0.8208768880444445,False,9,需求旺盛、高景气,1,132.72,0.487861,0.45111999999999997,2026-06-30,1.081,✅真主营增长
674,301396,宏景科技,0.6379,1843260974.24,156.4331358574,289.0883,137094320.29,127.43,253.0931,6.115472679961,10.74,8.228494984461,34.8781619301,IT服务Ⅱ,2026-08-29,18.43,1.371,12.899349403450383,False,5,供不应求,1,132.07,1.38,1.37,2026-06-30,1.007,✅真主营增长
9470,300153,科泰电源,0.1737,1498393653.78,110.8054218234,43.1409,55583901.11,131.66,73.2446,2.958823004094,5.86,0.147826024219,13.7101804323,其他电源设备Ⅱ,2026-08-20,14.98,0.556,0.8510421659124929,False,4,满产,1,131.84,0.550113,0.5558390000000001,2026-06-30,0.99,✅真主营增长
1438,688758,赛分科技,0.2669,279738112.89,53.1696185826,46.0906,110638217.52,106.19,111.7581,3.332555731865,7.97,0.207217372891,75.3193909379,化学制药,2026-08-28,2.8,1.106,0.7763858107568378,False,9,量价齐升、高景气,2,131.54,1.08,1.11,2026-06-30,0.973,✅真主营增长
2907,603061,金海通,2.01,600713563.49,95.4073809966,11.5786,171174638.22,125.21,7.4784,21.801510869425,9.93,0.664567384368,53.5463417425,半导体,2026-08-27,6.01,1.712,0.3306305394865672,False,21,产能利用率、供不应求、在手订单、订单饱满、需求旺盛,3,128.35,1.69,1.71,2026-06-30,0.988,✅真主营增长
1084,000426,兴业银锡,1.2745,4281697008.56,73.1308206683,1.031,2263056168.41,184.42,-30.8213,6.498532582898,21.32,1.18986484367,68.7527609771,贵金属,2026-08-29,42.82,22.631,0.933593443444488,False,8,供给偏紧、供需偏紧,1,126.6,18.16,22.63,2026-06-30,0.802,✅真主营增长
5232,300964,本川智能,0.3119,611360109.48,60.9961811509,59.7319,42702347.0,98.99,157.622,9.86568790382,4.17,0.034985940757,22.8204258336,元件,2026-08-26,6.11,0.427,0.1121703775472907,False,15,产品涨价、产能利用率、提价、需求旺盛,3,124.41,0.412704,0.42702299999999993,2026-06-30,0.966,✅真主营增长
8571,600549,厦门钨业,1.3862,35014480428.15,81.6985110158,22.4106,2200748489.7,127.04,-1.164,11.773995846987,12.15,-1.551198378021,21.8280630899,小金属,2026-08-21,350.14,22.007,-1.1190292728473523,False,4,满产,1,122.81,20.55,22.01,2026-06-30,0.934,✅真主营增长
3257,300432,富临精工,0.1649,11048243248.85,90.0582207015,18.6014,281896856.97,61.58,-60.9937,2.814614689023,5.84,0.743704064877,9.1442429862,电池,2026-08-27,110.48,2.819,4.510030714839297,False,17,供不应求、供给偏紧、供需偏紧、需求旺盛,3,122.53,2.7,2.82,2026-06-30,0.957,✅真主营增长
6902,002685,华东重机,0.0616,757030027.4,108.0422845338,-62.8342,62069712.02,137.31,-85.3439,1.644580021112,3.82,-0.01527474754,22.8892273157,工程机械,2026-08-25,7.57,0.621,-0.2479666808441558,False,4,在手订单,1,121.3,0.5912310000000001,0.620697,2026-06-30,0.953,✅真主营增长
9482,002824,和胜股份,0.28,2380778710.32,44.6399754766,34.6957,88271694.83,102.82,158.971,7.544205377809,3.7,1.223553350501,13.7096214438,工业金属,2026-08-20,23.81,0.883,4.369833394646427,False,4,满产,1,119.24,0.834717,0.882717,2026-06-30,0.946,✅真主营增长
11439,688146,中船特气,0.66,1904281352.97,83.1262578334,71.4894,347897694.46,95.63,143.4777,11.348551080273,5.86,-0.454703989115,31.7923109385,半导体,2026-07-18,19.04,3.479,-0.6889454380530302,False,16,产品涨价、产能利用率、超预期、高景气,3,117.08,3.26,3.48,2026-06-30,0.937,✅真主营增长
903,003018,金富科技,0.31,738077716.8,82.3784719133,184.4834,96180983.83,93.87,266.8056,6.326692482038,5.86,0.068055355385,36.0023356567,包装印刷,2026-08-29,7.38,0.962,0.2195334044677419,False,4,产能利用率,1,116.42,0.9658049999999999,0.96181,2026-06-30,1.004,✅真主营增长
2179,000630,铜陵有色,0.22,121770119524.73,59.9535182188,-11.7907,2992592611.05,107.93,23.5857,2.83844431421,7.93,0.004056087011,9.2840039246,工业金属,2026-08-28,1217.7,29.926,0.018436759140909,False,4,供需偏紧,1,114.5,30.71,29.93,2026-06-30,1.026,✅真主营增长
10397,600183,生益科技,1.36,19025611766.13,50.0454791459,33.6881,3286977278.33,130.42,83.8154,7.616649944865,18.17,1.228101686219,30.6922750301,元件,2026-08-15,190.26,32.87,0.9030159457492646,False,10,供不应求、高景气,2,110.99,29.08,32.87,2026-06-30,0.885,✅真主营增长
4850,688025,杰普特,2.06,1487018408.21,68.8631400537,25.0118,195410242.22,105.25,0.0546,26.857602174608,8.02,0.701530167837,40.8046253294,自动化设备,2026-08-26,14.87,1.954,0.3405486251635922,False,7,超预期、需求旺盛,2,110.84,1.93,1.95,2026-06-30,0.99,✅真主营增长
10358,688183,生益电子,1.35,5783539107.99,53.4617074251,39.9243,1110707603.86,109.36,49.7554,7.774918795891,17.95,1.095336333284,34.3088361251,元件,2026-08-15,57.84,11.107,0.811360246877037,False,9,供给偏紧、高景气,2,110.29,11.11,11.11,2026-06-30,1.0,✅真主营增长
10327,688380,中微半导,0.43,725773748.57,44.0139092508,23.1917,171622263.44,98.48,134.8832,8.063179101969,5.26,0.482644456084,38.746032871,半导体,2026-08-17,7.26,1.716,1.1224289676372092,False,3,提价,1,109.74,1.59,1.72,2026-06-30,0.924,✅真主营增长
3192,300953,震裕科技,1.75,6394440075.91,58.0137189346,15.3784,423322864.52,100.3,-49.7745,20.097626619123,9.02,0.242944359246,13.9507362104,电池,2026-08-27,63.94,4.233,0.1388253481405714,False,4,产能利用率,1,108.37,4.12,4.23,2026-06-30,0.974,✅真主营增长
6359,688712,北芯生命,0.23,386614054.22,49.3516621551,8.5903,92969970.48,88.01,3.3869,4.369121251103,5.76,0.402572020216,71.5373248776,医疗器械,2026-08-25,3.87,0.93,1.750313131373913,False,3,提价,1,108.0,0.8387680000000001,0.9297,2026-06-30,0.902,✅真主营增长
8687,300037,新宙邦,1.31,7462553989.37,75.661099978,22.0225,983809390.12,103.33,4.7501,14.856697785664,8.82,1.494568347515,23.914176868,电池,2026-08-21,74.63,9.838,1.140891868332061,False,5,高景气,1,107.93,9.69,9.84,2026-06-30,0.985,✅真主营增长
2747,688630,芯碁微装,2.14,1105502942.02,68.951037133,14.7768,281409728.1,98.13,59.6207,36.321910399164,11.62,2.01636539878,43.0430986217,专用设备,2026-08-27,11.06,2.814,0.9422268218598132,False,17,供不应求、订单饱满、量价齐升、需求旺盛,2,104.05,2.77,2.81,2026-06-30,0.986,✅真主营增长
5201,301149,隆华新材,0.31,3970761451.89,40.1859087284,-0.3521,134930215.39,77.3,89.0354,5.121042759677,6.33,-0.663197122331,6.1185921339,化学制品,2026-08-26,39.71,1.349,-2.1393455559064516,False,27,产品涨价、产能利用率、产能爬坡、供给偏紧、在手订单、满产、量价齐升,5,96.63,1.32,1.35,2026-06-30,0.978,✅真主营增长
7802,300548,长芯博创,1.1,1688445780.87,40.7201541506,51.7793,321433658.94,91.08,47.1287,7.089991972538,15.32,1.053386341775,48.8772595004,通信设备,2026-08-22,16.88,3.214,0.9576239470681818,False,4,需求旺盛,1,94.49,3.15,3.21,2026-06-30,0.981,✅真主营增长
7847,300033,同花顺,1.27,2645653616.14,48.6819017812,51.1312,952305441.14,89.76,172.0838,10.19382504629,10.54,2.948804585805,88.9710269795,软件开发,2026-08-22,26.46,9.523,2.321893374649606,False,4,满产,1,92.89,9.34,9.52,2026-06-30,0.981,✅真主营增长
6744,300919,中伟新材,1.23,33584326322.62,57.5061651121,13.2335,1302895789.76,77.8,34.6259,22.48688703211,5.44,1.527611184937,13.3199195157,电池,2026-08-25,335.84,13.029,1.2419603129569106,False,8,产能爬坡、高景气,2,92.07,12.55,13.03,2026-06-30,0.963,✅真主营增长
505,601995,中金公司,1.62,19302467972.0,50.4712970942,18.7189,8199268268.0,89.35,29.1934,21.598177619083,7.6,13.184060553912,,证券Ⅱ,2026-08-29,193.02,81.993,8.138308983896296,False,7,供给偏紧、超预期,2,89.36,80.35,81.99,2026-06-30,0.98,✅真主营增长
8636,301219,腾远钴业,2.3,6088654714.67,72.3639847635,37.9702,881004221.95,87.82,-34.0966,25.920379426949,8.99,-0.534202855311,25.818614191,能源金属,2026-08-21,60.89,8.81,-0.2322621110047826,False,16,价格中枢、供给偏紧、供需偏紧、量价齐升,3,87.04,8.5,8.81,2026-06-30,0.965,✅真主营增长
2198,000062,深圳华强,0.3743,17748016237.79,60.6522807075,30.4598,391438713.35,66.13,-5.1464,6.596715046689,5.73,-0.763318964232,7.712505549,其他电子Ⅱ,2026-08-28,177.48,3.914,-2.0393239760406088,False,9,产品涨价、高景气,1,85.24,4.0,3.91,2026-06-30,1.023,✅真主营增长
5337,300073,当升科技,0.9561,10475289755.0,136.3292746706,31.4664,520413034.19,67.25,-12.015,27.652177208315,3.49,0.157920189952,13.2503203643,电池,2026-08-26,104.75,5.204,0.1651712058905972,False,8,价格中枢、供需偏紧,2,84.36,4.63,5.2,2026-06-30,0.89,✅真主营增长
5323,300179,四方达,0.161,374530737.76,43.763023337,3.5114,78179715.07,46.9,-17.8856,2.391084944816,6.17,0.130717096541,47.6258872174,通用设备,2026-08-26,3.75,0.782,0.811907431931677,False,3,超预期,1,84.29,0.69958,0.7817970000000001,2026-06-30,0.895,✅真主营增长
10349,688531,日联科技,0.78,715401975.65,55.3899509991,41.7384,128022734.82,54.63,89.9512,20.711676797965,3.72,0.21430608677,44.984212611,专用设备,2026-08-15,7.15,1.28,0.2747513932948717,False,17,在手订单、订单饱满、需求旺盛、高景气,3,83.9,1.1,1.28,2026-06-30,0.859,✅真主营增长
3433,001232,嘉立创,2.06,7172851108.95,54.1252523113,36.806,1030348906.94,73.54,73.6716,16.4707325298,13.37,2.53020248774,28.4073364889,元件,2026-08-27,71.73,10.303,1.2282536348252426,False,5,高景气,1,82.49,9.92,10.3,2026-06-30,0.963,✅真主营增长
354,688603,天承科技,0.49,306382397.09,43.7403461083,11.9048,61609005.9,67.72,5.7843,9.958214298497,5.03,0.075358954186,36.9801109026,电子化学品Ⅱ,2026-08-29,3.06,0.616,0.1537937840530612,False,16,产品涨价、产能利用率、提价、高景气,1,81.7,0.576712,0.6160899999999999,2026-06-30,0.936,✅真主营增长
10944,301697,贝特利,0.48,2921070446.6,116.8945608402,-11.7185,94997821.58,105.44,-47.6891,4.765738054112,10.67,-1.237100998122,7.1542873916,光伏设备,2026-08-11,29.21,0.95,-2.5772937460875003,False,17,供不应求、提价、订单饱满、高景气,2,80.55,0.8318469999999999,0.9499780000000001,2026-06-30,0.876,✅真主营增长
9350,603993,洛阳钼业,0.76,135319885598.22,42.7839090612,3.7852,16152187485.37,86.27,8.1453,4.191346387888,18.29,0.763459564765,23.0090744347,工业金属,2026-08-20,1353.2,161.522,1.0045520589013155,False,8,供给偏紧、供需偏紧,1,78.89,156.06,161.52,2026-06-30,0.966,✅真主营增长
8643,301026,浩通科技,0.6588,2749463267.29,104.1461053976,-46.3712,145819034.66,73.41,27.3342,7.812234286032,8.52,1.718259026737,5.4975624682,小金属,2026-08-21,27.49,1.458,2.6081648857574375,False,3,超预期,1,77.42,1.25,1.46,2026-06-30,0.856,✅真主营增长
3313,002916,深南电路,3.32,15296361440.43,46.3282888807,31.9181,2251458836.99,65.55,64.8056,26.469542556032,12.43,2.204829037689,31.0149106719,元件,2026-08-27,152.96,22.515,0.6641051318340362,False,12,产能爬坡、供不应求、订单饱满,3,76.94,22.39,22.51,2026-06-30,0.995,✅真主营增长
2822,605117,德业股份,2.14,10641096664.31,92.2349063882,38.6197,2717499513.52,78.53,28.7661,9.020957548721,24.31,3.294748721488,37.6464869312,光伏设备,2026-08-27,106.41,27.175,1.5396022063028036,False,4,需求旺盛,1,75.81,25.7,27.17,2026-06-30,0.946,✅真主营增长
6708,301190,善水科技,0.4147,477183801.71,56.3522880028,31.5222,85159773.14,78.25,24.3416,9.305884618832,4.29,0.179414386509,34.4361208618,化学原料,2026-08-25,4.77,0.852,0.4326365722425849,False,3,超预期,1,75.43,0.83701,0.851598,2026-06-30,0.983,✅真主营增长
8586,600030,中信证券,1.53,49691932907.1,50.0035284024,14.6048,23343231403.68,69.6,28.4939,19.936802095791,7.81,7.126579745139,,证券Ⅱ,2026-08-21,496.92,233.432,4.657895258260784,False,5,高景气,1,73.97,236.1,233.43,2026-06-30,1.011,✅真主营增长
5426,002463,沪电股份,1.5191,13689427504.0,61.1682833526,20.2942,2923361746.0,73.72,35.3599,9.348128834869,17.38,0.597956762782,38.7155693432,元件,2026-08-26,136.89,29.234,0.3936256749272596,False,15,产能爬坡、供给偏紧、供需偏紧、订单饱满,2,70.0,27.95,29.23,2026-06-30,0.956,✅真主营增长
11061,002741,光华科技,0.2028,2247642620.09,75.3218396688,31.7972,94284977.92,67.56,29.1525,4.266824524505,4.75,-0.518548115423,13.6754060762,电子化学品Ⅱ,2026-08-08,22.48,0.943,-2.556943369935897,False,5,高景气,1,67.28,0.916134,0.94285,2026-06-30,0.972,✅真主营增长
10129,603093,南华期货,0.55,879141903.95,48.1764200269,2.9735,388309024.43,67.91,-10.3617,8.133648430416,6.76,7.542075952269,,多元金融,2026-08-18,8.79,3.883,13.712865367761818,False,4,量价齐升,1,65.88,3.84,3.88,2026-06-30,0.99,✅真主营增长
1603,603124,江南新材,1.1,6790478048.71,40.8483017675,14.5691,160214251.58,51.73,4.9793,13.32860997507,8.34,-3.15940605035,3.9273413506,金属新材料,2026-08-28,67.9,1.602,-2.8721873184999995,False,11,产能利用率、产能爬坡、在手订单,1,62.67,1.51,1.6,2026-06-30,0.944,✅真主营增长
9700,688627,精智达,0.52,803714323.87,81.1679117713,41.4418,48909868.62,59.9,136.1356,18.989424385822,2.8,-3.71576266374,43.3773684636,通用设备,2026-08-19,8.04,0.489,-7.145697430269231,False,4,需求旺盛,1,62.48,0.444917,0.48909899999999995,2026-06-30,0.91,✅真主营增长
9408,600105,永鼎股份,0.344,3339017624.9,47.7515331414,68.0501,503450137.78,58.06,116.9818,2.4890568498,14.77,0.23697454267,27.8880348234,通信设备,2026-08-20,33.39,5.035,0.688879484505814,False,12,供给偏紧、供需偏紧、量价齐升,2,59.81,5.04,5.03,2026-06-30,1.002,✅真主营增长
188,603638,艾迪精密,0.37,2261958709.31,44.2065334804,-6.2841,305737218.01,47.71,1.8875,5.228636048754,7.96,0.0654234006,28.6578492491,工程机械,2026-08-31,22.62,3.057,0.1768200016216216,False,5,高景气,1,56.4,2.9,3.06,2026-06-30,0.948,✅真主营增长
1800,301571,国科天成,0.56,666609440.51,63.9727014536,133.2193,100596099.15,49.43,203.6591,11.814179833327,4.83,-0.577819699873,37.7750297652,军工电子Ⅱ,2026-08-28,6.67,1.006,-1.031820892630357,False,4,需求旺盛,1,51.9,1.0,1.01,2026-06-30,0.99,✅真主营增长
9343,688117,圣诺生物,0.61,507264016.25,50.2693222448,7.6522,135194010.21,51.98,3.7213,5.191665389741,12.1,0.395867856062,58.7334460588,生物制品,2026-08-20,5.07,1.352,0.6489636984622951,False,15,产能利用率、产能爬坡、价格中枢、在手订单,1,50.19,1.34,1.35,2026-06-30,0.993,✅真主营增长
9522,000960,锡业股份,0.8991,31572707886.24,49.6824241355,3.0156,1503643577.31,41.6,-26.6875,13.046793505284,7.32,1.32494788563,11.2353292662,小金属,2026-08-20,315.73,15.036,1.4736379553219887,False,8,供给偏紧、供需偏紧,1,49.3,19.46,15.04,2026-06-30,1.294,✅真主营增长
11254,688313,仕佳光子,0.6964,1495490807.64,50.6601605112,59.3668,314784732.28,45.3,70.9553,3.798686944995,18.51,-0.840148964373,36.1813534002,通信设备,2026-08-01,14.95,3.148,-1.2064172377556002,False,8,产能利用率、需求旺盛,2,44.42,3.09,3.15,2026-06-30,0.981,✅真主营增长
788,300611,美力科技,0.55,2084668378.47,131.7325104312,267.3258,116472606.93,44.87,472.4489,6.115547812461,8.88,-0.809294898185,20.5494808332,汽车零部件,2026-08-29,20.85,1.165,-1.4714452694272726,False,5,供不应求,1,43.2,1.11,1.16,2026-06-30,0.957,✅真主营增长
7769,301238,瑞泰新材,0.25,1459568978.08,49.7650339604,15.6554,180898880.92,120.85,-56.7762,9.940346235879,2.46,-0.355194773809,12.994247253,电池,2026-08-22,14.6,1.809,-1.420779095236,False,8,产品涨价、产能利用率,1,-17.24,0.654315,1.81,2026-06-30,0.362,❌扣非亏损/大降
369,688455,科捷智能,0.34,733148715.89,49.0583401367,74.1777,56501756.04,251.5721900133,328.7531,6.181468381551,5.59,-0.71528192824,12.7097725251,自动化设备,2026-08-29,7.33,0.565,-2.1037703771764704,False,4,在手订单,1,-93.35,-0.80414,0.565018,2026-06-30,-1.423,❌扣非亏损/大降
11258,600641,先导基电,0.2266,1146692842.72,64.0557371166,14.2674,210130445.65,414.95,1443.2236,8.882719239974,2.54,-1.216731936376,19.9716152973,半导体,2026-08-01,11.47,2.101,-5.369514282330098,False,21,产品涨价、供不应求、供给偏紧、供需偏紧、在手订单,2,-9471.94,-1.12,2.1,2026-06-30,-0.533,❌扣非亏损/大降
