序号,name,chg,总成交量,amount,net_in,up_n,down_n,均价,leader,领涨股-最新价,leader_chg,chg5,chg10,chg20,up_ratio
38,元件,1.42,2394.54,1355.87,6.95,46,17,56.62,一博科技,74.42,12.04,5.6,20.84,19.14,73.0
82,种植业与林业,0.01,2060.93,160.19,-0.66,13,17,7.77,敦煌种业,10.23,4.92,-3.53,-2.13,14.21,43.3
77,影视院线,0.43,803.97,56.59,-0.66,11,7,7.04,上海电影,24.51,5.51,-0.7,0.1,11.36,61.1
19,互联网电商,1.95,682.94,73.8,-1.49,13,6,10.81,星徽股份,11.61,17.39,5.34,2.25,9.36,68.4
10,通信设备,2.35,2649.39,1907.75,36.39,79,12,72.01,浩瀚深度,23.02,20.02,4.24,7.59,7.97,86.8
83,教育,-0.05,357.29,23.12,-1.63,5,10,6.47,*ST高科,9.11,9.89,-0.03,-0.37,7.25,33.3
75,黑色家电,0.48,161.14,17.28,-0.08,7,2,10.73,高斯贝尔,15.3,1.46,1.22,1.22,7.12,77.8
64,文化传媒,0.93,2337.98,270.35,-9.95,46,35,11.56,内蒙新华,13.48,10.04,1.13,-0.58,6.87,56.8
40,军工装备,1.36,1232.87,326.39,7.02,65,15,26.47,*ST航图,9.3,7.51,-2.61,-1.13,5.97,81.2
73,橡胶制品,0.57,286.76,51.39,-1.32,14,8,17.92,震安科技,21.72,7.0,2.76,1.86,5.8,63.6
49,风电设备,1.2,1092.93,148.82,-5.65,23,9,13.62,洛轴股份,32.11,12.75,6.28,6.78,4.66,71.9
1,半导体,4.31,4092.82,3329.51,218.57,184,4,81.35,托伦斯,142.56,20.0,11.05,8.91,4.54,97.9
2,其他电子,3.07,708.29,203.86,14.11,34,0,28.78,民德电子,31.72,10.99,6.12,6.03,4.49,100.0
30,零售,1.67,2115.78,130.98,2.61,54,9,6.19,国芳集团,16.06,10.0,-2.06,-3.05,4.39,85.7
50,电力,1.16,4565.59,333.3,9.79,87,16,7.3,大连热电,8.42,10.06,-0.8,1.8,4.35,84.5
79,农产品加工,0.37,1059.5,100.64,1.06,22,18,9.5,金健米业,14.32,9.98,-3.23,-4.08,4.18,55.0
57,保险,1.08,227.78,66.93,-2.04,5,0,29.39,中国人寿,37.8,1.75,-1.24,-5.03,4.12,100.0
6,电子化学品,2.61,1192.33,498.28,19.31,39,4,41.79,广钢气体,32.9,8.4,9.87,10.77,4.02,90.7
52,造纸,1.13,585.29,30.68,1.26,16,6,5.24,宜宾纸业,17.3,5.23,2.36,1.57,3.72,72.7
26,塑料制品,1.83,1227.9,233.55,-0.4,64,12,19.02,道生天合,15.95,10.0,5.18,2.99,3.6,84.2
59,石油加工贸易,1.03,708.4,58.03,-2.59,18,8,8.19,和顺石油,48.55,9.99,-0.63,-1.93,3.44,69.2
56,白色家电,1.09,485.1,107.69,4.12,32,10,22.2,宏昌科技,45.21,6.1,2.39,0.7,3.42,76.2
9,家居用品,2.37,948.22,107.1,-1.88,79,17,11.29,家联科技,20.84,10.32,3.04,-0.49,3.42,82.3
28,光学光电子,1.74,5214.66,554.11,36.0,90,11,10.63,阳光照明,3.51,10.03,6.56,3.89,3.41,89.1
47,建筑装饰,1.24,2605.49,241.44,1.03,96,40,9.27,经纬股份,54.0,20.0,0.73,-0.58,3.27,70.6
21,消费电子,1.91,1626.32,538.09,32.79,82,12,33.09,科森科技,23.42,10.01,4.62,1.0,3.22,87.2
60,包装印刷,1.02,649.04,75.41,0.3,30,14,11.62,新宏泽,11.92,9.96,1.28,-2.44,3.15,68.2
14,美容护理,2.25,232.94,47.25,-0.23,30,2,20.29,洁雅股份,46.26,11.02,2.62,-1.58,2.86,93.8
17,军工电子,2.04,694.93,169.18,11.02,57,4,24.34,高凌信息,21.74,19.98,1.54,1.64,2.85,93.4
85,港口航运,-0.2,1518.14,145.13,0.19,12,23,9.56,厦门港务,9.4,3.75,-0.54,-1.03,2.75,34.3
66,建筑材料,0.79,1878.85,411.31,-41.63,47,23,21.89,中旗新材,37.98,9.99,0.5,0.14,2.73,67.1
4,其他电源设备,2.86,507.44,158.96,16.92,31,4,31.32,高特电子,26.7,6.71,3.77,2.04,2.72,88.6
80,汽车服务及其他,0.27,204.25,29.52,1.42,10,16,14.45,津富士达,22.79,4.93,2.35,0.66,2.59,38.5
16,通用设备,2.1,2576.6,597.76,24.32,217,33,23.2,电科思仪,63.0,20.0,3.92,0.12,2.59,86.8
34,非金属材料,1.57,154.54,81.08,-0.33,14,3,52.46,金戈新材,38.36,4.32,4.85,5.2,2.49,82.4
15,自动化设备,2.12,750.31,475.55,23.71,91,7,63.38,智云股份,10.85,11.17,5.81,3.5,2.49,92.9
12,房地产,2.31,4525.19,171.06,22.2,78,9,3.78,万科A,3.32,9.93,2.28,-0.81,2.46,89.7
41,饮料制造,1.35,697.85,78.64,-0.13,33,10,11.27,会稽山,32.84,10.02,0.86,-1.56,2.44,76.7
5,专用设备,2.69,2073.18,439.16,17.28,160,37,21.18,沈鼓集团,57.77,177.74,3.6,1.03,2.37,81.2
86,公路铁路运输,-0.26,552.73,28.52,-1.68,7,24,5.16,海汽集团,13.66,2.48,-1.02,-2.26,2.37,22.6
23,厨卫电器,1.85,88.66,10.94,0.41,5,3,12.34,亿田智能,31.95,11.13,0.23,-3.03,2.04,62.5
88,银行,-0.48,3289.06,242.3,-12.45,12,27,7.37,江苏银行,12.17,1.08,-1.92,-1.89,1.86,30.8
87,养殖业,-0.38,810.43,67.31,0.4,20,15,8.3,申联生物,8.34,4.25,-2.56,-5.24,1.85,57.1
42,旅游及酒店,1.33,806.55,64.89,2.97,31,4,8.04,陕西旅游,64.19,10.01,-5.1,-6.17,1.85,88.6
72,物流,0.6,532.74,48.91,0.29,27,21,9.18,海晨股份,16.58,11.8,0.3,-0.8,1.63,56.2
31,纺织制造,1.66,325.28,28.51,-1.15,26,7,8.77,华纺股份,3.54,9.94,2.8,-0.72,1.5,78.8
29,多元金融,1.68,582.43,44.79,0.15,24,1,7.69,华金资本,12.96,10.02,-0.16,-4.19,1.44,96.0
78,贸易,0.38,176.41,11.88,-0.51,6,7,6.73,中信金属,11.54,3.68,-2.0,-2.89,1.35,46.2
25,IT服务,1.84,2213.6,384.74,20.73,102,22,17.38,云天励飞,65.6,15.09,1.67,-2.83,1.27,82.3
62,综合,1.0,494.7,33.81,1.08,12,6,6.83,亚泰集团,1.93,10.29,-0.69,-0.91,1.23,66.7
89,煤炭开采加工,-0.58,1462.53,113.24,-5.26,5,27,7.74,华电能源,5.27,3.74,-2.47,-2.01,1.22,15.6
18,软件开发,2.02,1807.15,334.69,11.73,116,18,18.52,华信永道,25.92,11.44,2.18,-3.3,1.18,86.6
39,证券,1.36,1866.89,191.17,23.47,47,0,10.24,华鑫股份,14.1,9.98,0.32,-4.78,1.09,100.0
65,化学原料,0.93,1165.34,132.99,0.37,42,16,11.41,江苏索普,7.27,6.13,0.1,-2.83,0.87,72.4
44,化学制品,1.3,1905.58,345.56,3.06,141,37,18.13,华软科技,5.34,10.1,3.11,0.17,0.83,79.2
76,燃气,0.44,318.64,26.66,1.35,14,10,8.37,贵州燃气,6.66,2.94,-2.29,-2.53,0.68,58.3
84,农化制品,-0.13,1187.93,117.33,-5.7,27,32,9.88,百傲化学,12.91,4.7,-2.19,-3.9,0.67,45.8
51,汽车零部件,1.16,3457.79,467.26,-1.81,196,73,13.51,中捷精工,50.91,14.97,1.92,-2.24,0.65,72.9
13,环保设备,2.28,324.02,50.86,3.94,22,7,15.7,国林科技,15.8,10.72,2.04,-0.85,0.5,75.9
55,环境治理,1.09,1160.89,107.59,0.8,78,21,9.27,福龙马,15.47,10.03,0.68,-1.38,0.5,78.8
27,其他社会服务,1.77,355.19,40.57,2.03,37,5,11.42,零点有数,55.38,6.19,1.43,-1.96,0.37,88.1
35,服装家纺,1.54,990.13,75.75,-2.84,55,17,7.65,七匹狼,9.0,10.02,1.76,-2.32,0.29,76.4
81,游戏,0.2,621.05,76.62,-5.71,13,7,12.34,宝通科技,21.27,1.97,-1.31,-5.73,0.29,65.0
33,计算机设备,1.59,869.34,242.84,11.71,73,9,27.93,魅视科技,39.99,10.01,1.89,-2.59,0.21,89.0
11,金属新材料,2.32,293.27,72.53,6.42,30,4,24.73,春光集团,54.87,8.5,3.55,1.48,0.13,88.2
63,通信服务,0.99,939.15,108.62,2.51,31,12,11.57,南凌科技,16.05,3.55,0.76,-1.57,0.04,72.1
22,电网设备,1.87,2451.61,350.97,5.66,126,14,14.32,太阳电缆,8.67,10.03,0.99,-1.49,0.02,90.0
48,轨交设备,1.24,288.84,22.71,0.5,24,4,7.86,长青科技,20.67,6.0,-0.28,-2.28,0.01,85.7
90,汽车整车,-1.0,1475.74,112.51,-9.36,4,18,7.62,北汽蓝谷,4.54,1.11,0.03,-0.82,-0.26,18.2
53,小家电,1.13,198.0,24.23,-0.04,16,9,12.24,德豪润达,2.66,9.92,1.55,-1.2,-0.5,64.0
58,机场航运,1.06,651.54,26.15,3.42,12,0,4.01,厦门空港,15.12,2.72,-0.44,-2.75,-0.59,100.0
67,钢铁,0.78,1390.88,61.22,0.87,29,8,4.4,马矿股份,17.78,10.03,-0.67,-2.32,-0.68,78.4
8,医疗服务,2.54,1493.08,351.25,-2.38,46,10,23.52,泓博医药,35.21,10.76,9.1,6.72,-0.81,82.1
45,工业金属,1.28,2129.97,259.2,4.99,50,5,12.17,盛达资源,34.76,5.88,-0.65,-2.45,-1.05,90.9
46,电机,1.27,172.44,31.76,0.1,23,1,18.42,华瑞股份,28.88,5.4,2.31,-2.25,-1.18,95.8
20,医药商业,1.94,466.05,43.92,-1.51,25,5,9.43,百洋医药,25.55,10.41,1.8,-1.92,-1.38,83.3
71,食品加工制造,0.64,669.82,77.88,-2.64,39,23,11.63,安井食品,79.48,6.79,-0.6,-4.66,-1.71,62.9
74,中药,0.53,955.14,89.79,-1.83,45,17,9.4,特一药业,9.64,3.88,0.73,-2.41,-1.84,72.6
43,化学纤维,1.32,466.2,50.6,1.17,24,2,10.85,汇隆新材,21.03,4.42,1.07,-3.94,-1.86,92.3
32,医疗器械,1.61,743.88,166.88,6.82,114,24,22.43,百迈科,34.99,16.56,2.71,-1.27,-1.88,82.6
24,电池,1.84,1431.05,522.39,17.52,97,10,36.5,华汇智能,29.98,15.31,4.72,0.39,-2.27,90.7
68,白酒,0.75,101.81,67.25,0.19,16,3,66.06,水井坊,25.92,2.13,-0.85,-6.66,-2.33,84.2
54,工程机械,1.12,549.2,60.98,-3.35,26,9,11.1,华东重机,5.66,6.59,-0.41,-4.25,-2.49,74.3
69,化学制药,0.73,2672.63,345.28,-2.23,107,46,12.92,华纳药厂,56.1,6.84,2.71,-1.21,-3.56,69.9
70,油气开采及服务,0.65,508.88,44.65,1.77,13,4,8.78,博迈科,17.6,3.41,-3.19,-4.6,-3.59,76.5
3,光伏设备,2.91,1409.47,245.29,26.49,66,6,17.4,拉普拉斯,46.55,11.26,2.92,0.57,-3.79,91.7
7,生物制品,2.61,591.18,160.39,-1.99,50,5,27.13,信诺维,55.6,34.46,6.35,1.33,-5.38,90.9
36,小金属,1.52,555.61,225.64,8.08,26,3,40.61,金钛股份,27.22,6.7,2.74,-0.94,-6.06,89.7
37,贵金属,1.51,885.68,232.81,7.6,13,1,26.29,株冶集团,25.5,3.7,-1.46,-6.44,-8.66,92.9
61,能源金属,1.01,193.9,78.67,-1.68,10,3,40.58,*ST威领,19.84,2.96,1.1,-2.97,-10.13,76.9
